[{"id":1, "lote":1, "partida_especifica":244, "partida":1, "descripcion":"PANTAL\u00d3N DE MEZCLILLA PARA CABALLERO, COLOR AZUL MARINO, COMPOSICI\u00d3N 64 % ALGOD\u00d3N 36% POLI\u00c9STER, CUATRO BOLSILLOS: DOS AL FRENTE Y DOS ATR\u00c1S, CINTURA MEDIA, CORTE RECTO, CIERRE DE CARRO MET\u00c1LICO EN BRAGUETA, UN BOT\u00d3N MET\u00c1LICO PARA AJUSTE, REMACHES MET\u00c1LICOS EN BOLSILLOS DELANTEROS, SEIS PRESILLAS. SEG\u00daN MUESTRA PMC06.", "cantidad":1, "unidad":"Pieza", "marca":"SILVER PLATE", "precio_unitario":598.55, "subtotal":598.55, "proveedor":"GIK", "medida":"P", "codigo":"53101502"},
 {"id":2, "lote":1, "partida_especifica":244, "partida":2, "descripcion":"PANTAL\u00d3N DE MEZCLILLA PARA CABALLERO, COLOR \u00cdNDIGO OBSCURO, COMPOSICI\u00d3N 99% ALGOD\u00d3N 1% ELASTANO, CUATRO BOLSILLOS: TRES AL FRENTE Y DOS ATR\u00c1S, CORTE SEMI AJUSTADO, CIERRE DE CARRO MET\u00c1LICO EN BRAGUETA, UN BOT\u00d3N MET\u00c1LICO PARA AJUSTE, REMACHES MET\u00c1LICOS EN BOLSILLOS DELANTEROS, SEIS PRESILLAS. SEG\u00daN MUESTRA PMC09.", "cantidad":1, "unidad":"Pieza", "marca":"SILVER PLATE", "precio_unitario":607.61, "subtotal":607.61, "proveedor":"GIK", "medida":"P", "codigo":"53101502"},
 {"id":3, "lote":1, "partida_especifica":244, "partida":3, "descripcion":"PANTAL\u00d3N DE MEZCLILLA PARA CABALLERO, COLOR NEGRO, COMPOSICI\u00d3N 84% ALGOD\u00d3N, 14% POLI\u00c9STER 2% ELASTANO, CINCO BOLSILLOS: TRES AL FRENTE Y DOS ATR\u00c1S, CORTE AJUSTADO, TIRO BAJO, VALENCIANA AJUSTADA, PIERNA AJUSTADA, CIERRE DE CARRO MET\u00c1LICO EN BRAGUETA, UN BOT\u00d3N MET\u00c1LICO PARA AJUSTE, REMACHES MET\u00c1LICOS EN BOLSILLOS DELANTEROS, CINCO PRESILLAS. SEG\u00daN MUESTRA PMC14.", "cantidad":1, "unidad":"Pieza", "marca":"SILVER PLATE", "precio_unitario":613.76, "subtotal":613.76, "proveedor":"GIK", "medida":"P", "codigo":"53101502"},
 {"id":4, "lote":1, "partida_especifica":244, "partida":4, "descripcion":"PANTAL\u00d3N DE MEZCLILLA PARA CABALLERO COLOR AZUL JASPEADO, COMPOSICI\u00d3N 99% ALGOD\u00d3N 1% ELASTANO, CINCO BOLSILLOS: TRES AL FRENTE Y DOS ATR\u00c1S, CIERRE DE CARRO MET\u00c1LICO EN BRAGUETA Y BOT\u00d3N MET\u00c1LICO PARA JUSTE, CORTE SLIM, PIERNA AJUSTADA, VALENCIANA SEMI AJUSTADA, CON REMACHES MET\u00c1LICOS EN LOS BOLSILLOS Y CINCO PRESILLAS. SEG\u00daN MUESTRA PMC20.", "cantidad":1, "unidad":"Pieza", "marca":"OGGI", "precio_unitario":598.55, "subtotal":598.55, "proveedor":"GIK", "medida":"P", "codigo":"53101502"},
 {"id":5, "lote":1, "partida_especifica":244, "partida":5, "descripcion":"PANTAL\u00d3N DE MEZCLILLA PARA CABALLERO COLOR AZUL \u00cdNDIGO, COMPOSICI\u00d3N 99% ALGOD\u00d3N 1% ELASTANO, CINCO BOLSILLOS: TRES AL FRENTE Y DOS ATR\u00c1S, CORTE SLIM, TIRO BAJO, PIERNA AJUSTADA, VALENCIANA SEMI AJUSTADA CIERRE DE CARRO MET\u00c1LICO EN BRAGUETA Y BOT\u00d3N MET\u00c1LICO PARA AJUSTE, CON REMACHES MET\u00c1LICOS EN BOLSILLOS Y CINCO PRESILLAS. SEG\u00daN MUESTRA PMC23.", "cantidad":1, "unidad":"Pieza", "marca":"OGGI", "precio_unitario":598.55, "subtotal":598.55, "proveedor":"GIK", "medida":"P", "codigo":"53101502"},
 {"id":6, "lote":1, "partida_especifica":244, "partida":6, "descripcion":"PANTAL\u00d3N DE MEZCLILLA PARA CABALLERO COLOR AZUL TONO ALTO CONFECCIONADO EN TELA 99% ALGOD\u00d3N 1% ELASTANO, CINCO BOLSILLOS: TRES AL FRENTE Y DOS ATR\u00c1S, CIERRE DE CARRO MET\u00c1LICO EN BRAGUETA Y BOT\u00d3N MET\u00c1LICO PARA AJUSTE, CORTE RECTO, CINTURA ALTA, PIERNA RELAJADA, VALENCIANA PARA BOTA Y CINCO PRESILLAS. SEG\u00daN MUESTRA PMC30.", "cantidad":1, "unidad":"Pieza", "marca":"FUROR", "precio_unitario":566.7, "subtotal":566.7, "proveedor":"GIK", "medida":"P", "codigo":"53101502"},
 {"id":7, "lote":1, "partida_especifica":244, "partida":7, "descripcion":"PANTAL\u00d3N DE MEZCLILLA PARA DAMA COLOR STONE, COMPOSICI\u00d3N 98% ALGOD\u00d3N, 2% ELASTANO, CINCO BOLSILLOS: TRES AL FRENTE Y DOS ATR\u00c1S, TIRO MEDIO, CIERRE DE CARRO MET\u00c1LICO EN BRAGUETA Y BOT\u00d3N MET\u00c1LICO PARA AJUSTE, CORTE RECTO, PIERNA Y VALENCIANA RELAJADA, CON REMACHES MET\u00c1LICOS EN BOLSILLOS DELANTEROS, CINCO PRESILLAS. SEG\u00daN MUESTRA PMD03.", "cantidad":1, "unidad":"Pieza", "marca":"OGGI", "precio_unitario":567.83, "subtotal":567.83, "proveedor":"GIK", "medida":"P", "codigo":"53101504"},
 {"id":8, "lote":1, "partida_especifica":244, "partida":8, "descripcion":"PANTAL\u00d3N DE MEZCLILLA PARA DAMA COLOR AZUL MARINO COMPOSICI\u00d3N 87% ALGOD\u00d3N 11% POLI\u00c9STER 2% ELASTANO, CINCO BOLSILLOS: TRES AL FRENTE Y DOS ATR\u00c1S, CINTURA ALTA, CIERRE DE CARRO MET\u00c1LICO EN BRAGUETA Y DOS BOTONES MET\u00c1LICOS PARA AJUSTE, CORTE SKINNY, CON REMACHES MET\u00c1LICOS EN LOS BOLSILLOS DELANTEROS, PUSH UP, CINCO PRESILLAS. SEG\u00daN MUESTRA PMD09.", "cantidad":1, "unidad":"Pieza", "marca":"OGGI", "precio_unitario":563.98, "subtotal":563.98, "proveedor":"GIK", "medida":"P", "codigo":"53101504"},
 {"id":9, "lote":1, "partida_especifica":244, "partida":9, "descripcion":"PANTAL\u00d3N DE MEZCLILLA PARA DAMA COLOR STONE OBSCURO, COMPOSICI\u00d3N 83% ALGOD\u00d3N 16% POLI\u00c9STER 1% ELASTANO, CINCO BOLSILLOS: TRES AL FRENTE Y DOS ATR\u00c1S, CINTURA ALTA, CIERRE DE CARRO MET\u00c1LICO EN BRAGUETA, UN BOT\u00d3N MET\u00c1LICO PARA JUSTE, CORTE RECTO, PIERNA Y VALENCIANA RELAJADA, CON REMACHES COLOR BRONCE EN BOLSILLOS DELANTEROS, CINCO PRESILLAS. SEG\u00daN MUESTRA PMD23.", "cantidad":1, "unidad":"Pieza", "marca":"FUROR", "precio_unitario":559.94, "subtotal":559.94, "proveedor":"GIK", "medida":"P", "codigo":"53101504"},
 {"id":10, "lote":1, "partida_especifica":244, "partida":10, "descripcion":"PANTAL\u00d3N DE MEZCLILLA PARA DAMA COLOR AZUL CLARO, CONFECCIONADO EN 62% ALGOD\u00d3N, 32% POLI\u00c9STER, 4% RAY\u00d3N, 2% ELASTANO, CINCO BOLSILLOS TRES AL FRENTE Y DOS ATR\u00c1S, CINTURA MEDIA, CIERRE DE CARRO MET\u00c1LICO EN BRAGUETA Y BOT\u00d3N MET\u00c1LICO PARA AJUSTE, CORTE RECTO, PUSH UP, PIERNA Y VALENCIANA RECTO, CON REMACHES MET\u00c1LICOS EN LOS BOLSILLOS DELANTEROS, CINCO PRESILLAS. SEG\u00daN MUESTRA PMD25.", "cantidad":1, "unidad":"Pieza", "marca":"ESCANDIA", "precio_unitario":563.18, "subtotal":563.18, "proveedor":"GIK", "medida":"P", "codigo":"53101504"},
 {"id":11, "lote":1, "partida_especifica":244, "partida":11, "descripcion":"PANTAL\u00d3N DE GABARDINA PARA CABALLERO COLOR VERDE OLIVO, CONFECCIONADO EN 98% ALGOD\u00d3N 2% ELASTANO, CUATRO BOLSILLOS, DOS AL FRENTE DIAGONALES Y DOS TRASEROS TIPO OJAL, TIRO MEDIO, CORTE RECTO, PIERNA Y VALENCIANA RELAJADA, CIERRE DE CARRO MET\u00c1LICO EN BRAGUETA Y BOT\u00d3N PL\u00c1STICO PARA AJUSTE, CINCO PRESILLAS. SEG\u00daN MUESTRA PGC03.", "cantidad":1, "unidad":"Pieza", "marca":"SILVER PLATE", "precio_unitario":560.9, "subtotal":560.9, "proveedor":"GIK", "medida":"P", "codigo":"53101502"},
 {"id":12, "lote":1, "partida_especifica":244, "partida":12, "descripcion":"PANTAL\u00d3N DE GABARDINA PARA CABALLERO COLOR AZUL MARINO, COMPOSICI\u00d3N 57% ALGOD\u00d3N 43% POLI\u00c9STER, CINCO BOLSILLOS: TRES AL FRENTE Y DOS ATR\u00c1S, CIERRE DE CARRO MET\u00c1LICO, EN BRAGUETA Y BOT\u00d3N MET\u00c1LICO PARA AJUSTE, REMACHES MET\u00c1LICOS EN BOLSILLOS DELANTEROS, CORTE REGULAR, CINTURA ALTA, PIERNA RELAJADA Y VALENCIANA PARA BOTA, CINCO PRESILLAS. SEG\u00daN MUESTRA PGC15.", "cantidad":1, "unidad":"Pieza", "marca":"FUROR", "precio_unitario":552.47, "subtotal":552.47, "proveedor":"GIK", "medida":"P", "codigo":"53101502"},
 {"id":13, "lote":1, "partida_especifica":244, "partida":13, "descripcion":"PANTAL\u00d3N DE GABARDINA PARA CABALLERO COLOR TABACO, COMPOSICI\u00d3N 98% ALGOD\u00d3N 2% ELASTANO, CUATRO BOLSILLOS:  DOS AL FRENTE DIAGONALES Y DOS ATR\u00c1S TIPO OJAL CON BOT\u00d3N, CIERRE DE CARRO MET\u00c1LICO EN BRAGUETA Y BOT\u00d3N PL\u00c1STICO PARA AJUSTE, CORTE SLIM, PIERNA Y VALENCIANA SEMI JUSTO, CINCO PRESILLAS. SEG\u00daN MUESTRA PGC19.", "cantidad":1, "unidad":"Pieza", "marca":"OGGI", "precio_unitario":582.15, "subtotal":582.15, "proveedor":"GIK", "medida":"P", "codigo":"53101502"},
 {"id":14, "lote":1, "partida_especifica":244, "partida":14, "descripcion":"PANTAL\u00d3N DE GABARDINA PARA CABALLERO COLOR AZUL MARINO, COMPOSICI\u00d3N 98% ALGOD\u00d3N 2% ELASTANO, CINCO BOLSILLOS: TRES AL FRENTE Y DOS ATR\u00c1S, CORTE SLIM, PIERNA AJUSTADA, VALENCIANA SEMI AJUSTADA, CIERRE DE CARRO MET\u00c1LICO EN BRAGUETA Y BOT\u00d3N MET\u00c1LICO, CINCO PRESILLAS, REMACHES MET\u00c1LICOS EN BOLSILLOS DELANTEROS. SEG\u00daN MUESTRA PGC23.", "cantidad":1, "unidad":"Pieza", "marca":"OGGI", "precio_unitario":563.46, "subtotal":563.46, "proveedor":"GIK", "medida":"P", "codigo":"53101502"},
 {"id":15, "lote":1, "partida_especifica":244, "partida":15, "descripcion":"PANTAL\u00d3N DE GABARDINA GACELA PARA CABALLERO EN COLOR CAQUI, COMPOSICI\u00d3N 40% POLI\u00c9STER 60% ALGOD\u00d3N, CUATRO BOLSILLOS, DOS AL FRENTE DIAGONAL, DOS ATR\u00c1S CON UN SOLO BOT\u00d3N LADO IZQUIERDO CINTURA MEDIA, CIERRE EN BRAGUETA CON GANCHO Y BOT\u00d3N, CORTE RECTO, SIETE PRESILLAS. SEG\u00daN MUESTRA PGG01.", "cantidad":1, "unidad":"Pieza", "marca":"GACELA", "precio_unitario":370.72, "subtotal":370.72, "proveedor":"GIK", "medida":"P", "codigo":"53101502"},
 {"id":16, "lote":1, "partida_especifica":244, "partida":16, "descripcion":"PANTAL\u00d3N DE VESTIR PARA CABALLERO COLOR NEGRO, COMPOSICI\u00d3N 65% POLI\u00c9STER 35% VISCOSA, CUATRO BOLSILLOS, DOS AL FRENTE EN DIAGONAL, DOS ATR\u00c1S CON UN SOLO BOT\u00d3N PL\u00c1STICO LADO DERECHO, CIERRE MET\u00c1LICO EN BRAGUETA CON AJUSTE DE CINTURA DE GANCHO Y BOT\u00d3N PL\u00c1STICO, CORTE RECTO, CINTURA REGULAR, SEIS PRESILLAS. SEG\u00daN MUESTRA PVC01.", "cantidad":1, "unidad":"Pieza", "marca":"PIETRO CAVALLINI", "precio_unitario":380.37, "subtotal":380.37, "proveedor":"GIK", "medida":"P", "codigo":"53101502"},
 {"id":17, "lote":1, "partida_especifica":244, "partida":17, "descripcion":"PANTAL\u00d3N DE GABARDINA PARA DAMA, COLOR NEGRO, COMPOSICI\u00d3N 97% ALGOD\u00d3N 3% ELASTANO, CINCO BOLSILLOS; TRES AL FRENTE Y DOS ATR\u00c1S, CINTURA MEDIA, CORTE RECTO, PIERNA Y VALENCIANA RELAJADA, CIERRE DE CARRO MET\u00c1LICO EN BRAGUETA, UN BOT\u00d3N MET\u00c1LICO PARA AJUSTE, REMACHES MET\u00c1LICOS EN BOLSILLOS DELANTEROS, CINCO PRESILLAS. SEG\u00daN MUESTRA PGD04.", "cantidad":1, "unidad":"Pieza", "marca":"OGGI", "precio_unitario":569.59, "subtotal":569.59, "proveedor":"GIK", "medida":"P", "codigo":"53101504"},
 {"id":18, "lote":1, "partida_especifica":244, "partida":18, "descripcion":"PANTAL\u00d3N DE GABARDINA PARA DAMA, COLOR NEGRO, COMPOSICI\u00d3N 97% ALGOD\u00d3N 3% ELASTANO, DOS BOLSILLOS EN DIAGONAL AL FRENTE, DOS BOLSAS SIMULADAS ATR\u00c1S TIPO OJAL, CORTE SKINNY, PIERNA Y VALENCIANA AJUSTADA, CIERRE DE CARRO MET\u00c1LICO EN BRAGUETA, UN BOT\u00d3N DE PL\u00c1STICO PARA AJUSTE, CINCO PRESILLAS. SEG\u00daN MUESTRA PDG08.", "cantidad":1, "unidad":"Pieza", "marca":"OGGI", "precio_unitario":582.15, "subtotal":582.15, "proveedor":"GIK", "medida":"P", "codigo":"53101504"},
 {"id":19, "lote":1, "partida_especifica":244, "partida":19, "descripcion":"PANTAL\u00d3N DE GABARDINA PARA DAMA, COLOR AZUL MARINO, COMPOSICI\u00d3N 98% ALGOD\u00d3N 2% ELASTANO, CINTURA ALTA, CORTE RECTO, PIERNA Y VALENCIANA RELAJADA, CIERRE DE CARRO MET\u00c1LICO Y BOT\u00d3N MET\u00c1LICO EN BRAGUETA PARA AJUSTE, CINCO BOLSILLOS: TRES AL FRENTE Y DOS ATR\u00c1S, REMACHES MET\u00c1LICOS EN BOLSILLOS DELANTEROS, CINCO PRESILLAS. SEG\u00daN MUESTRA PGD13", "cantidad":1, "unidad":"Pieza", "marca":"ESCANDIA", "precio_unitario":578.44, "subtotal":578.44, "proveedor":"GIK", "medida":"P", "codigo":"53101504"},
 {"id":20, "lote":1, "partida_especifica":244, "partida":20, "descripcion":"PANTAL\u00d3N DE VESTIR PARA DAMA COLOR GRIS OXFORD, TOBILLO CON APERTURA, CONFECCIONADO EN TELA 100% POLI\u00c9STER, CORTE RECTO, CINTURA MEDIA, CIERRE MET\u00c1LICO Y BOT\u00d3N PL\u00c1STICO PARA AJUSTE DE LA PRENDA AL FRENTE, SIN BOLSAS. SEG\u00daN MUESTRA PVD01.", "cantidad":1, "unidad":"Pieza", "marca":"VANITY", "precio_unitario":625.59, "subtotal":625.59, "proveedor":"GIK", "medida":"P", "codigo":"53101504"},
 {"id":21, "lote":8, "partida_especifica":244, "partida":100, "descripcion":"MOCHILA ERGON\u00d3MICA COLOR GRIS COMPOSICI\u00d3N 100% NAILON, FORRO 100% POLI\u00c9STER, CUATRO COMPARTIMIENTOS CON CIERRE, CON ESPACIO PARA LAPTOP, ASA SUPERIOR, RESPALDO Y TIRANTES ACOJINADOS, DOS BOLSAS LATERALES CON MALLA. LOGO EN PARTE DELANTERA. SEG\u00daN MUESTRA AC68.", "cantidad":1, "unidad":"Pieza", "marca":"Royal Swiss", "precio_unitario":992.44, "subtotal":992.44, "proveedor":"beyram", "medida":"P", "codigo":"24111514"},
 {"id":22, "lote":8, "partida_especifica":244, "partida":101, "descripcion":"MOCHILA ERGON\u00d3MICA COLOR AZUL ACERO, COMPOSICI\u00d3N 100% NAILON, FORRO 100% POLI\u00c9STER, CUATRO COMPARTIMIENTOS CON CIERRE, ASA SUPERIOR, RESPALDO Y TIRANTES ACOJINADOS, DOS BOLSAS LATERALES CON MALLA. LOGO EN PARTE DELANTERA. SEG\u00daN MUESTRA AC72.", "cantidad":1, "unidad":"Pieza", "marca":"Swiss Navy", "precio_unitario":992.44, "subtotal":992.44, "proveedor":"beyram", "medida":"P", "codigo":"24111514"},
 {"id":23, "lote":8, "partida_especifica":244, "partida":102, "descripcion":"MALETA DEPORTIVA COLOR NEGRO CON COMPARTIMENTO PRINCIPAL CON CIERRE DOBLE, DOS BOLSILLOS LATERALES, BOLSA DE MALLA Y CIERRE EN LADO DERECHO Y BOLSA DE CIERRE EN LADO IZQUIERDO, MANGOS DOBLE Y CORREAS PARA EL HOMBRO, FABRICADA EN POLI\u00c9STER 100%. SEG\u00daN MUESTRA AC02.", "cantidad":1, "unidad":"Pieza", "marca":"Nike", "precio_unitario":824.85, "subtotal":824.85, "proveedor":"beyram", "medida":"P", "codigo":"53121500"},
 {"id":24, "lote":8, "partida_especifica":244, "partida":103, "descripcion":"MALET\u00cdN PORTAHERRAMIENTAS COLOR GRIS Y NARANJA, FABRICADO EN 100% POLI\u00c9STER DE 300 DENIERS, RECUBIERTA EN SU INTERIOR DE POLI CLORUR\u00d3 DE VINILO (PVC), ASA CON VELCRO, CORREA AL HOMBRO Y SEIS COMPARTIMIENTOS. SEG\u00daN MUESTRA AC63.", "cantidad":1, "unidad":"Pieza", "marca":"Truper", "precio_unitario":437.33, "subtotal":437.33, "proveedor":"beyram", "medida":"P", "codigo":"27112809"},
 {"id":25, "lote":8, "partida_especifica":244, "partida":104, "descripcion":"PORTAFOLIO COLOR NEGRO, CONFECCIONADO 100% POLI\u00c9STER Y FORRO 100% POLIAMIDA, SEIS BOLSAS CON CIERRE, CINTA AJUSTABLE, AGARRADERA CON VELCRO, ESPACIO PARA LAPTOP. SEG\u00daN MUESTRA AC64.", "cantidad":1, "unidad":"Pieza", "marca":"X Gear", "precio_unitario":831.22, "subtotal":831.22, "proveedor":"beyram", "medida":"P", "codigo":"53121704"},
 {"id":26, "lote":9, "partida_especifica":246, "partida":105, "descripcion":"BATA DE M\u00c9DICO PARA CABALLERO MANGA LARGA COLOR BLANCO, CONFECCIONADO EN 100% ALGOD\u00d3N, CUELLO CON SOLAPA, ALETILLA Y CUATRO BOTONES PARA CERRAR LA PRENDA, ABERTURAS LATERALES, TRES BOLSAS AL FRENTE, CINTA TRASERA CON DOS BOTONES. SEG\u00daN MUESTRA BMC01.", "cantidad":1, "unidad":"Par", "marca":"Nurse Y Doc", "precio_unitario":472.0, "subtotal":472.0, "proveedor":"beyram", "medida":"A", "codigo":"42131607"},
 {"id":27, "lote":9, "partida_especifica":246, "partida":106, "descripcion":"BATA DE M\u00c9DICO PARA DAMA MANGA LARGA COLOR BLANCO, CONFECCIONADO EN 100% POLI\u00c9STER, CUELLO CON SOLAPA, ALETILLA Y TRES BOTONES PARA CERRAR LA PRENDA, DOS BOLSILLOS DELANTEROS, CINTA TRASERA, DOS PINZAS AL FRENTE Y EN LA PARTE DE ATR\u00c1S.  SEG\u00daN MUESTRA BMD01.", "cantidad":1, "unidad":"Par", "marca":"Nurse Y Doc", "precio_unitario":472.0, "subtotal":472.0, "proveedor":"beyram", "medida":"A", "codigo":"42131607"},
 {"id":28, "lote":9, "partida_especifica":246, "partida":107, "descripcion":"BATA PARA ASISTENTE EDUCATIVO COLOR MEZCLILLA, CONFECCIONADAS EN 100% ALGOD\u00d3N, DETALLE EN LATERALES CUADRICULADO ROSA, SIN MANGAS, DOS BOLSAS AL FRENTE, CINTA DE AJUSTE EN LATERALES. SEG\u00daN MUESTRA BAE02.", "cantidad":1, "unidad":"Pieza", "marca":"Journal", "precio_unitario":342.42, "subtotal":342.42, "proveedor":"beyram", "medida":"P", "codigo":"46181533"},
 {"id":29, "lote":9, "partida_especifica":246, "partida":108, "descripcion":"BATA UNISEX TIPO INDUSTRIAL MANGA LARGA EN COLOR AZUL MARINO, CONFECCIONADO EN GABARDINA100% ALGOD\u00d3N, CUELLO CON SOLAPA, ALETILLA Y CUATRO BOTONES PARA CERRAR LA PRENDA, TRES BOLSILLOS AL FRENTE, ABERTURAS LATERALES, CINTA TRASERA CON DOS BOTONES. SEG\u00daN MUESTRA BI01.", "cantidad":1, "unidad":"Pieza", "marca":"Journal", "precio_unitario":329.81, "subtotal":329.81, "proveedor":"beyram", "medida":"P", "codigo":"46181533"},
 {"id":30, "lote":9, "partida_especifica":246, "partida":109, "descripcion":"BATA UNISEX TIPO INDUSTRIAL MANGA LARGA EN COLOR GRIS OXFORD, CONFECCIONADO EN GABARDINA 100% ALGOD\u00d3N, CUELLO CON SOLAPA, ALETILLA Y CUATRO BOTONES PARA CERRAR LA PRENDA, TRES BOLSILLOS AL FRENTE, ABERTURAS LATERALES, CINTA TRASERA CON DOS BOTONES. SEG\u00daN MUESTRA BI02.", "cantidad":1, "unidad":"Pieza", "marca":"Journal", "precio_unitario":329.81, "subtotal":329.81, "proveedor":"beyram", "medida":"P", "codigo":"46181533"},
 {"id":31, "lote":9, "partida_especifica":246, "partida":110, "descripcion":"OVEROL UNISEX COLOR AZUL REY, CONFECCIONADO EN GABARDINA 100% ALGOD\u00d3N, CON CINTA REFLEJANTE EN BRAZOS Y PIERNAS, CIERRE REFORZADO AL FRENTE CON DOBLE ACCI\u00d3N, DOS BROCHES DE PRESI\u00d3N EN LA PARTE SUPERIOR DEL CIERRE, DOS BOLSAS DE PARCHE EN LA PARTE SUPERIOR, DOS BOLSAS LATERALES EN DIAGONAL, DOS ABERTURAS A LA CADERA. SEG\u00daN MUESTRA OV01.", "cantidad":1, "unidad":"Pieza", "marca":"Unitam", "precio_unitario":524.68, "subtotal":524.68, "proveedor":"beyram", "medida":"P", "codigo":"46181503"},
 {"id":32, "lote":9, "partida_especifica":246, "partida":111, "descripcion":"CHALECO DE SEGURIDAD ROJO, FABRICADO EN TELA POLI\u00c9STER, CON CINTAS DE ALTA VISIBILIDAD AL FRENTE Y EN LA ESPALDA, CIERRE FRONTAL VERTICAL, SEIS BOLSAS FRONTALES: DOS CON CIERRE, DOS TIPOS PARCHE Y DOS CON VELCRO; Y UNA BOLSA TRASERA CON VELCRO. SEG\u00daN MUESTRA AC77", "cantidad":1, "unidad":"Pieza", "marca":"Sin Marca", "precio_unitario":456.65, "subtotal":456.65, "proveedor":"beyram", "medida":"P", "codigo":"46181507"},
 {"id":33, "lote":9, "partida_especifica":246, "partida":112, "descripcion":"LENTES DE SEGURIDAD CON PATILLAS AJUSTABLES, MICA AZUL ESPEJO DE POLICARBONATO CON PROTECCI\u00d3N UV Y ANTIRAYADURAS, PUENTE SUAVE. CUMPLE CON LA NORMA ANSI Z87.1. SEG\u00daN MUESTRA AC32.", "cantidad":1, "unidad":"Pieza", "marca":"Truper", "precio_unitario":88.5, "subtotal":88.5, "proveedor":"beyram", "medida":"P", "codigo":"46181802"},
 {"id":34, "lote":9, "partida_especifica":246, "partida":113, "descripcion":"GOGGLES DE SEGURIDAD DE VISI\u00d3N PANOR\u00c1MICA O PERIF\u00c9RICA, MICA TRASPARENTE DE POLICARBONATO CON PROTECCI\u00d3N UV Y ANTIRAYADURAS, AJUSTADOR EL\u00c1STICO, ARMAZ\u00d3N SUAVE Y FLEXIBLE, CUMPLE CON LA NORMA ANSI Z87.1. SEG\u00daN MUESTRA AC24.", "cantidad":1, "unidad":"Pieza", "marca":"Truper", "precio_unitario":273.93, "subtotal":273.93, "proveedor":"beyram", "medida":"P", "codigo":"46181811"},
 {"id":35, "lote":9, "partida_especifica":246, "partida":114, "descripcion":"GOGGLES PARA NATACI\u00d3N TRANSPARENTE CON CORREA F\u00c1CILMENTE AJUSTABLE, LENTES CON VENTANA LATERAL, ANTIEMPA\u00d1ANTES, PUENTE PARA LA NARIZ, SIN FILTRACIONES DE AGUA, CON PROTECCI\u00d3N UV. SEG\u00daN MUESTRA AC43.", "cantidad":1, "unidad":"Pieza", "marca":"Arena", "precio_unitario":464.62, "subtotal":464.62, "proveedor":"beyram", "medida":"P", "codigo":"49141606"},
 {"id":36, "lote":9, "partida_especifica":246, "partida":115, "descripcion":"BOTAS TIPO JARDINERA COLOR NEGRO, FABRICADA EN PVC, EMPEINE Y TOBILLOS CONFORTABLES, PUNTA REFORZADA, SUELA ANTIDERRAPANTE, ALTURA 35 CM. SEG\u00daN MUESTRA AC03.", "cantidad":1, "unidad":"Par", "marca":"Truper", "precio_unitario":926.08, "subtotal":926.08, "proveedor":"beyram", "medida":"A", "codigo":"46181604"},
 {"id":37, "lote":9, "partida_especifica":246, "partida":116, "descripcion":"BOTA PANTALONERA COLOR NEGRO, FABRICADA CON PETO DE PVC (CLORURO DE POLIVINILO) AHULADO SELLADO A LA BOTA DE PVC 100% IMPERMEABLE, CON TIRANTES EL\u00c1STICOS AJUSTABLES. SEG\u00daN MUESTRA AC52.", "cantidad":1, "unidad":"Par", "marca":"Dita Flex", "precio_unitario":926.08, "subtotal":926.08, "proveedor":"beyram", "medida":"A", "codigo":"46181604"},
 {"id":38, "lote":9, "partida_especifica":246, "partida":117, "descripcion":"FAJA DE PROTECCI\u00d3N LUMBAR, FABRICADA EN FIBRAS SINT\u00c9TICAS, TIRANTES AJUSTABLES, VARILLAS EN ESPALDA Y CINTUR\u00d3N AJUSTABLE CON CIERRE MEDIANTE VELCRO. SEG\u00daN MUESTRA AC04.", "cantidad":1, "unidad":"Pieza", "marca":"Truper", "precio_unitario":291.84, "subtotal":291.84, "proveedor":"beyram", "medida":"P", "codigo":"46182201"},
 {"id":39, "lote":9, "partida_especifica":246, "partida":118, "descripcion":"FAJA DE PROTECCI\u00d3N, FABRICADO CON DOBLE MALLA EL\u00c1STICA TRANSPIRABLE DE FIBRAS SINT\u00c9TICAS, CON 3 VARILLAS PARA SOPORTE LUMBAR Y CIERRE CON VELCRO. SEG\u00daN MUESTRA AC14.", "cantidad":1, "unidad":"Pieza", "marca":"Truper", "precio_unitario":320.28, "subtotal":320.28, "proveedor":"beyram", "medida":"P", "codigo":"46182201"},
 {"id":40, "lote":9, "partida_especifica":246, "partida":119, "descripcion":"RESPIRADOR MEDIA CARA DE DOS FILTROS, PARA PROTECCI\u00d3N MULTI-GAS/VAPORES ORG\u00c1NICOS, CON CARTUCHOS INCLUIDOS Y BANDAS EL\u00c1STICAS AJUSTABLES. CUMPLE CON LA APROBACI\u00d3N KOSHA. SEG\u00daN MUESTRA AC05.", "cantidad":1, "unidad":"Pieza", "marca":"Truper", "precio_unitario":642.68, "subtotal":642.68, "proveedor":"beyram", "medida":"P", "codigo":"46182002"},
 {"id":41, "lote":9, "partida_especifica":246, "partida":120, "descripcion":"RESPIRADOR MEDIA CARA DE UN FILTRO, PARA PROTECCI\u00d3N MULTIGAS/VAPORES ORG\u00c1NICOS, BANDA EL\u00c1STICA AJUSTABLE, NO INCLUYE CARTUCHO. SEG\u00daN MUESTRA AC07.", "cantidad":1, "unidad":"Pieza", "marca":"Pretul", "precio_unitario":176.99, "subtotal":176.99, "proveedor":"beyram", "medida":"P", "codigo":"46182002"},
 {"id":42, "lote":9, "partida_especifica":246, "partida":121, "descripcion":"RESPIRADOR DESECHABLE CON V\u00c1LVULA, PARA PROTECCI\u00d3N CONTRA POLVO Y PART\u00cdCULAS SIN ACEITE, PARA APLICACIONES INDUSTRIALES, BANDA EL\u00c1STICA AJUSTABLE Y PUENTE NASAL SUAVE. CUMPLE CON LA APROBACI\u00d3N KOSHA. SEG\u00daN MUESTRA AC08", "cantidad":1, "unidad":"Pieza", "marca":"Truper", "precio_unitario":63.21, "subtotal":63.21, "proveedor":"beyram", "medida":"P", "codigo":"46182002"},
 {"id":43, "lote":9, "partida_especifica":246, "partida":122, "descripcion":"CARTUCHO DE REPUESTO PARA RESPIRADOR DE PROTECCI\u00d3N MULTI-GAS/VAPORES ORG\u00c1NICOS. CUMPLE CON LA APROBACI\u00d3N  KOSHA. SEG\u00daN MUESTRA AC06.", "cantidad":1, "unidad":"Pieza", "marca":"Truper", "precio_unitario":239.15, "subtotal":239.15, "proveedor":"beyram", "medida":"P", "codigo":"46182005"},
 {"id":44, "lote":9, "partida_especifica":246, "partida":123, "descripcion":"LINTERNA LED DE MANO RECARGABLE FABRICADA EN PL\u00c1STICO, 350 L\u00daMENES, PILA RECARGABLE DE ION LITIO PROTECCI\u00d3N IPX3 CONTRA AGUA Y POLVO INCLUYE CABLE USB DE CARGA. SEG\u00daN MUESTRA AC10.", "cantidad":1, "unidad":"Pieza", "marca":"Truper", "precio_unitario":521.51, "subtotal":521.51, "proveedor":"beyram", "medida":"P", "codigo":"39111610"},
 {"id":45, "lote":9, "partida_especifica":246, "partida":124, "descripcion":"L\u00c1MPARA LED DE MANO, CUERPO DE ALUMINIO, 500 L\u00daMENES, UTILIZA PILA RECARGABLE, LENTE CON LUPA, PROTECCI\u00d3N CONTRA POLVO Y AGUA Y CARGADOR, TRES MODOS DE ILUMINACI\u00d3N, ALTO, MEDIO, BAJO, INTERMITENTE Y SOS. SEG\u00daN MUESTRA AC11.", "cantidad":1, "unidad":"Pieza", "marca":"Truper", "precio_unitario":682.71, "subtotal":682.71, "proveedor":"beyram", "medida":"P", "codigo":"39112006"},
 {"id":46, "lote":9, "partida_especifica":246, "partida":125, "descripcion":"SLEEPING COLOR AZUL MARINO, COMPOSICI\u00d3N FORRO Y REVESTIMIENTO 100% POLI\u00c9STER INCLUYE CAPUCHA, CIERRE DE CARRO MET\u00c1LICO, BOLSA DE TRANSPORTE. SEG\u00daN MUESTRA AC36.", "cantidad":1, "unidad":"Pieza", "marca":"Coleman", "precio_unitario":652.15, "subtotal":652.15, "proveedor":"beyram", "medida":"P", "codigo":"49121504"},
 {"id":47, "lote":9, "partida_especifica":246, "partida":126, "descripcion":"PORTA HERRAMIENTA GRANDE DE CARNAZA, CON 13 COMPARTIMIENTOS CON COSTURA REFORZADA Y CINTUR\u00d3N AJUSTABLE CON BROCHE DE PL\u00c1STICO. SEG\u00daN MUESTRA AC12.", "cantidad":1, "unidad":"Pieza", "marca":"Truper", "precio_unitario":652.15, "subtotal":652.15, "proveedor":"beyram", "medida":"P", "codigo":"27112809"},
 {"id":48, "lote":9, "partida_especifica":246, "partida":127, "descripcion":"PORTA HERRAMIENTA GRANDE DE POLI\u00c9STER, CON 20 COMPARTIMIENTOS, COSIDO Y REMACHADO, PORTA MARTILLOS, CLIP MET\u00c1LICO PARA FLEX\u00d3METRO Y CINTUR\u00d3N AJUSTABLE DE BROCHE DE PL\u00c1STICO. SEG\u00daN MUESTRA AC13.", "cantidad":1, "unidad":"Pieza", "marca":"Truper", "precio_unitario":608.96, "subtotal":608.96, "proveedor":"beyram", "medida":"P", "codigo":"27112809"},
 {"id":49, "lote":9, "partida_especifica":246, "partida":128, "descripcion":"FILTRO DE POLICARBONATO DEL NO. 12 PARA CARETA DE SOLDAR, RESISTENTE A LOS IMPACTOS. SEG\u00daN MUESTRA AC18.", "cantidad":1, "unidad":"Pieza", "marca":"Truper", "precio_unitario":32.67, "subtotal":32.67, "proveedor":"beyram", "medida":"P", "codigo":"40161500"},
 {"id":50, "lote":9, "partida_especifica":246, "partida":129, "descripcion":"PROTECTOR FACIAL CON MICA DE POLICARBONATO ANTIRAYADURAS, PARA PROTECCI\u00d3N DE ROSTRO Y CUELLO, AJUSTADOR DE MATRACA. SEG\u00daN MUESTRA AC19.", "cantidad":1, "unidad":"Pieza", "marca":"Truper", "precio_unitario":269.66, "subtotal":269.66, "proveedor":"beyram", "medida":"P", "codigo":"46181709"},
 {"id":51, "lote":9, "partida_especifica":246, "partida":130, "descripcion":"CASCO DE SEGURIDAD COLOR AMARILLO, TIPO 1 CLASE E, FABRICADO EN POLIETILENO DE ALTA DENSIDAD CON AJUSTADOR DE MATRACA, RESISTENCIA EL\u00c9CTRICA HASTA DE 20,000 V. CUMPLE CON LA NORMA NOM-115-STPS-2009 Y ANSI/ISEA-Z89.1-2014. SEG\u00daN MUESTRA AC2.", "cantidad":1, "unidad":"Pieza", "marca":"Truper", "precio_unitario":104.31, "subtotal":104.31, "proveedor":"beyram", "medida":"P", "codigo":"46181704"},
 {"id":52, "lote":9, "partida_especifica":246, "partida":131, "descripcion":"CASCO DE SEGURIDAD CLASE C, FABRICADO EN ALUMINIO COLOR NATURAL, SUSPENSI\u00d3N DE 4 PUNTOS, CON REFUERZO ADICIONAL EN LA PARTE SUPERIOR CENTRAL PARA SOPORTAR IMPACTOS. SEG\u00daN MUESTRA AC58.", "cantidad":1, "unidad":"Pieza", "marca":"Infra", "precio_unitario":452.61, "subtotal":452.61, "proveedor":"beyram", "medida":"P", "codigo":"46181704"},
 {"id":53, "lote":9, "partida_especifica":246, "partida":132, "descripcion":"CASCO PARA MOTOCICLISTA EN COLOR NEGRO MATE, RENDIJA DE VENTILACI\u00d3N EN LA PARTE SUPERIOR, ABATIBLE, MICA TRANSPARENTE DE POLICARBONATO, LENTE OBSCURO INTEGRADO DE POLICARBONATO, ANTIRAYADURAS, INTERIOR ACOJINADO, BROCHE MILIM\u00c9TRICO PARA AJUSTE, CUMPLE CON LA CERTIFICACI\u00d3N DOT FMVSS NO 218.  SEG\u00daN MUESTRA AC65.", "cantidad":1, "unidad":"Pieza", "marca":"R7", "precio_unitario":2209.33, "subtotal":2209.33, "proveedor":"beyram", "medida":"P", "codigo":"46181705"},
 {"id":54, "lote":9, "partida_especifica":246, "partida":133, "descripcion":"CASCO PARA CICLISTA COLOR BLANCO CON DETALLE ROJO, CON SISTEMA DE AJUSTE, CON VENTILACI\u00d3N, IDEAL PARA ADULTOS. SEG\u00daN MUESTRA AC75.", "cantidad":1, "unidad":"Pieza", "marca":"Helmet", "precio_unitario":1078.85, "subtotal":1078.85, "proveedor":"beyram", "medida":"P", "codigo":"49221504"},
 {"id":55, "lote":9, "partida_especifica":246, "partida":134, "descripcion":"CARETA PARA SOLDAR COLOR NEGRO CON LENTE ABATIBLE, PARA SOLDAR CON ELECTRODO, PROTECCI\u00d3N TOTAL DE CARA Y CUELLO VENTANILLA M\u00d3VIL, CON LENTES INTERCAMBIABLES SUSPENSI\u00d3N TIPO MATRACA, FABRICADA EN PL\u00c1STICO CON SUSPENSI\u00d3N DE AJUSTE TIPO MATRACA, CUMPLE CON NORMA ANSI Z87.1. SEG\u00daN MUESTRA AC22.", "cantidad":1, "unidad":"Pieza", "marca":"Truper", "precio_unitario":302.37, "subtotal":302.37, "proveedor":"beyram", "medida":"P", "codigo":"46181703"},
 {"id":56, "lote":9, "partida_especifica":246, "partida":135, "descripcion":"IMPERMEABLE TIPO GABARDINA COLOR AMARILLO, FABRICADO EN PVC DE 5 CM DE ESPESOR EN BRAZOS, FORRO INTERIOR DE POLI\u00c9STER, CAPUCHA AJUSTABLE CON CORD\u00d3N, CIERRE Y/O BROCHES A PRESI\u00d3N PARA EL CIERRE DE LA PRENDA CAPA DE VENTILACI\u00d3N EN ESPALDA Y ABERTURAS BAJO LOS BRAZOS BOLSILLOS DE PARCHE CON SOLAPA AL FRENTE. SEG\u00daN MUESTRA AC28.", "cantidad":1, "unidad":"Pieza", "marca":"Mr Seguridad", "precio_unitario":254.96, "subtotal":254.96, "proveedor":"beyram", "medida":"P", "codigo":"23141607"},
 {"id":57, "lote":9, "partida_especifica":246, "partida":136, "descripcion":"CONJUNTO IMPERMEABLE DE DOS PIEZAS COLOR AMARILLO: CHAMARRA QUE INCLUYE AJUSTE CON CORD\u00d3N, CIERRE TIPO ZIPPER REFORZADO DE PL\u00c1STICO, SOLAPA CON 4 BROCHES DE AJUSTE A PRESI\u00d3N, CAPUCHA, PANTAL\u00d3N CON AJUSTE EL\u00c1STICO EN LA CINTURA, REFUERZO EN ENTREPIERNA; AJUSTE DE BROCHES EN MU\u00d1ECAS Y PIERNAS, REFLEJANTES DE 2\"/5 CM PLASTIFICADOS EN BRAZOS Y PIERNAS. SEG\u00daN MUESTRA AC131.", "cantidad":1, "unidad":"Conjunto", "marca":"Mr Seguridad", "precio_unitario":213.43, "subtotal":213.43, "proveedor":"beyram", "medida":"D", "codigo":"23141607"},
 {"id":58, "lote":9, "partida_especifica":246, "partida":137, "descripcion":"JUEGO DE IMPERMEABLE UNISEX TIPO DEPORTIVO, CONFECCIONADO EN TELA 100 % POLI\u00c9STER; CHAMARRA COLOR VERDE OLIVO, CON REFLEJANTE AL FRENTE A LA ALTURA DE LOS HOMBROS, Y EN ESPALDA, CON DOS BOLSAS LATERALES, CIERRE DE CARRO MET\u00c1LICO AL FRENTE PARA AJUSTE, RESORTE EN PU\u00d1OS, CUELLO ALTO CON GORRO; PANTS COLOR NEGRO LISO, AJUSTE EL\u00c1STICO EN CINTURA, DOS BOLSAS LATERALES, REFLEJANTE AL FRENTE. SEG\u00daN MUESTRA AC102.", "cantidad":1, "unidad":"Juego", "marca":"Journal", "precio_unitario":671.12, "subtotal":671.12, "proveedor":"beyram", "medida":"J", "codigo":"23141607"},
 {"id":59, "lote":9, "partida_especifica":246, "partida":138, "descripcion":"CHAMARRA IMPERMEABLE UNISEX TIPO DEPORTIVO, CONFECCIONADO EN TELA 100 % POLI\u00c9STER; CHAMARRA COLOR VERDE OLIVO, CON REFLEJANTE AL FRENTE A LA ALTURA DE LOS HOMBROS, Y EN ESPALDA, CON DOS BOLSAS LATERALES, CIERRE DE CARRO MET\u00c1LICO AL FRENTE PARA AJUSTE, RESORTE EN PU\u00d1OS. SEG\u00daN MUESTRA AC107.", "cantidad":1, "unidad":"Pieza", "marca":"Journal", "precio_unitario":421.43, "subtotal":421.43, "proveedor":"beyram", "medida":"P", "codigo":"23141607"},
 {"id":60, "lote":9, "partida_especifica":246, "partida":139, "descripcion":"AHUYENTADOR DE PERROS FABRICADO PL\u00c1STICO RESISTENTE A IMPACTOS, PORT\u00c1TIL, COMPACTO Y LIGERO, FUNCIONA CON BATER\u00cdA DE 9V. SEG\u00daN MUESTRA AC34.", "cantidad":1, "unidad":"Pieza", "marca":"Dazzer", "precio_unitario":1367.53, "subtotal":1367.53, "proveedor":"beyram", "medida":"P", "codigo":"60131105"},
 {"id":61, "lote":9, "partida_especifica":246, "partida":140, "descripcion":"GUANTE DE L\u00c1TEX 100% NATURAL, COLOR NEGRO DE USO INDUSTRIAL Y LABORATORIOS, PARA MANEJO DE \u00c1CIDOS Y PRODUCTOS QU\u00cdMICOS, PU\u00d1O ENROLLADO, PU\u00d1O EXTRA LARGO PARA PROTECCI\u00d3N DE ANTEBRAZO. SEG\u00daN MUESTRA AC26.", "cantidad":1, "unidad":"Par", "marca":"Truper", "precio_unitario":171.74, "subtotal":171.74, "proveedor":"beyram", "medida":"A", "codigo":"42132200"},
 {"id":62, "lote":9, "partida_especifica":246, "partida":141, "descripcion":"GUANTE DE L\u00c1TEX NATURAL COLOR NARANJA, PU\u00d1O LARGO Y SUPERFICIE DE PALMA ANTIDERRAPANTE, PARA LIMPIEZA DOM\u00c9STICA, DETERGENTES, JABONES Y PRODUCTOS QU\u00cdMICOS LIGEROS. SEG\u00daN MUESTRA AC27.", "cantidad":1, "unidad":"Par", "marca":"Truper", "precio_unitario":43.19, "subtotal":43.19, "proveedor":"beyram", "medida":"A", "codigo":"42132200"},
 {"id":63, "lote":9, "partida_especifica":246, "partida":142, "descripcion":"GUANTE DE L\u00c1TEX COLOR NEGRO PARA TRABAJOS DE PINTADO Y ACTIVIDADES DE AGRICULTURA, INTERIOR AFELPADO CON PU\u00d1O LARGO. SEG\u00daN MUESTRA AC74.", "cantidad":1, "unidad":"Par", "marca":"Truper", "precio_unitario":168.56, "subtotal":168.56, "proveedor":"beyram", "medida":"A", "codigo":"42132200"},
 {"id":64, "lote":9, "partida_especifica":246, "partida":143, "descripcion":"GUANTE DE L\u00c1TEX PARA EXPLORACI\u00d3N EST\u00c9RIL, DESECHABLE, AMBIDIESTRO, ATOXICO EN COLOR NATURAL, PU\u00d1O ENROLLADO, AJUSTE C\u00d3MODO. SEG\u00daN MUESTRA AC42.", "cantidad":1, "unidad":"Par", "marca":"Ambiderm", "precio_unitario":7.37, "subtotal":7.37, "proveedor":"beyram", "medida":"A", "codigo":"42132200"},
 {"id":65, "lote":9, "partida_especifica":246, "partida":144, "descripcion":"GUANTES DE CARNAZA UNITALLA PARA SOLDADURA Y HERRER\u00cdA, PU\u00d1O LARGO PARA PROTECCI\u00d3N EN ANTEBRAZO, CON FORRO INTERNO TEXTIL, PROTECCI\u00d3N ADICIONAL CONTRA CHISPAS Y SALPICADURAS AL SOLDAR. SEG\u00daN MUESTRA AC37.", "cantidad":1, "unidad":"Par", "marca":"Truper", "precio_unitario":218.09, "subtotal":218.09, "proveedor":"beyram", "medida":"A", "codigo":"46181504"},
 {"id":66, "lote":9, "partida_especifica":246, "partida":145, "descripcion":"GUANTE DE CARNAZA UNITALLA PARA ELECTRICISTA Y PROCESO DE SOLDADURA LIGERA, PU\u00d1O CORTO CON AJUSTE EN MU\u00d1ECA, REFUERZO EN PALMAS. SEG\u00daN MUESTRA AC38.", "cantidad":1, "unidad":"Par", "marca":"Truper", "precio_unitario":149.61, "subtotal":149.61, "proveedor":"beyram", "medida":"A", "codigo":"46181504"},
 {"id":67, "lote":9, "partida_especifica":246, "partida":146, "descripcion":"GUANTE DE CARNAZA COLOR AMARILLO UNITALLA, PU\u00d1OS DE SEGURIDAD, IDEAL PARA MANEJO DE MATERIALES DE CONSTRUCCI\u00d3N. SEG\u00daN MUESTRA AC39.", "cantidad":1, "unidad":"Par", "marca":"Pretul", "precio_unitario":132.75, "subtotal":132.75, "proveedor":"beyram", "medida":"A", "codigo":"46181504"},
 {"id":68, "lote":9, "partida_especifica":246, "partida":147, "descripcion":"GUANTE DIEL\u00c9CTRICO COLOR AMARILLO, PIEL VACUNA, CON AJUSTADOR EN MU\u00d1ECA, MANEJO DE HERRAMIENTAS EL\u00c9CTRICAS. SEG\u00daN MUESTRA AC49.", "cantidad":1, "unidad":"Par", "marca":"S/M", "precio_unitario":106.4, "subtotal":106.4, "proveedor":"beyram", "medida":"A", "codigo":"46181504"},
 {"id":69, "lote":9, "partida_especifica":246, "partida":148, "descripcion":"GUANTES UNITALLA EN COLOR BLANCO, FABRICADOS EN ALGOD\u00d3N CON APLICACIONES DE PUNTOS NEGROS DE PVC, TEJIDO EL\u00c1STICO EN MU\u00d1ECA. SEG\u00daN MUESTRA AC17.", "cantidad":1, "unidad":"Par", "marca":"Pretul", "precio_unitario":54.78, "subtotal":54.78, "proveedor":"beyram", "medida":"A", "codigo":"46181504"},
 {"id":70, "lote":9, "partida_especifica":246, "partida":149, "descripcion":"GUANTE PARA MANEJO DE ARCHIVOS BLANCO, FABRICADO EN TELA 100 % ALGOD\u00d3N PARA MANEJO DE ARCHIVO. SEG\u00daN MUESTRA AC59.", "cantidad":1, "unidad":"Par", "marca":"S/M", "precio_unitario":40.04, "subtotal":40.04, "proveedor":"beyram", "medida":"A", "codigo":"46181504"},
 {"id":71, "lote":9, "partida_especifica":246, "partida":150, "descripcion":"GUANTE PARA MOTOCICLISTA COLOR NEGRO, CONFECCIONADO EN 60% POLI\u00c9STER 20% NYLON 20% POLIVINILO, DISE\u00d1O DEPORTIVO, RESISTENTES A LA ABRASI\u00d3N, PROTECCI\u00d3N EN NUDILLOS, ANTIDERRAPANTE EN PALMA Y AJUSTE EN LA MU\u00d1ECA DE VELCRO. SEG\u00daN MUESTRA AC53.", "cantidad":1, "unidad":"Par", "marca":"Roda", "precio_unitario":703.79, "subtotal":703.79, "proveedor":"beyram", "medida":"A", "codigo":"46181504"},
 {"id":72, "lote":9, "partida_especifica":246, "partida":151, "descripcion":"GUANTE PARA EL FRIO UNISEX, COLOR NEGRO, FABRICADO EN 100% POLI\u00c9STER CON FORRO TEXTIL, CON AJUSTADOR DE HEBILLA, APLICACIONES DE PUNTOS NEGROS EN LA PALMA ANTIDERRAPANTE. SEG\u00daN MUESTRA AC57.", "cantidad":1, "unidad":"Par", "marca":"S/M", "precio_unitario":463.57, "subtotal":463.57, "proveedor":"beyram", "medida":"A", "codigo":"46181504"},
 {"id":73, "lote":9, "partida_especifica":246, "partida":152, "descripcion":"GUANTE DE MEDIO DEDO PARA PESISTA COLOR NEGRO, CONFECCIONADO EN PIEL, FORRO SINT\u00c9TICO, CON AJUSTADOR VELCRO CON DISE\u00d1O ERGON\u00d3MICO. SEG\u00daN MUESTRA AC60.", "cantidad":1, "unidad":"Par", "marca":"S/M", "precio_unitario":580.51, "subtotal":580.51, "proveedor":"beyram", "medida":"A", "codigo":"46181504"},
 {"id":74, "lote":9, "partida_especifica":246, "partida":153, "descripcion":"CUBRE BOCA EN BLANCO Y AZUL DE ALGOD\u00d3N, CON TRES PLIEGUES AL CENTRO PARA MEJOR AJUSTE, DE TELA NO TEJIDA DESECHABLE SELLADO AL CALOR PARA MAYOR PROTECCI\u00d3N, BANDA EL\u00c1STICA. SEG\u00daN MUESTRA AC41.", "cantidad":1, "unidad":"Pieza", "marca":"S/M", "precio_unitario":6.32, "subtotal":6.32, "proveedor":"beyram", "medida":"P", "codigo":"42131606"},
 {"id":75, "lote":9, "partida_especifica":246, "partida":154, "descripcion":"GORRO PARA PANADERO EN COLOR NEGRO, CONFECCIONADO EN TELA 65% POLI\u00c9STER 35% ACR\u00cdLICO. SEG\u00daN MUESTRA AC113.", "cantidad":1, "unidad":"Pieza", "marca":"Journal", "precio_unitario":90.6, "subtotal":90.6, "proveedor":"beyram", "medida":"P", "codigo":"46181522"},
 {"id":76, "lote":9, "partida_especifica":246, "partida":155, "descripcion":"MANDIL PARA COCINERO EN FABRICADO EN TELA 100% POLI\u00c9STER, TRES BOLSAS AL FRENTE, CINTA AL CUELLO, CINTAS PARA AJUSTE EN LA CINTURA. SEG\u00daN MUESTRA AC112.", "cantidad":1, "unidad":"Pieza", "marca":"Journal", "precio_unitario":132.75, "subtotal":132.75, "proveedor":"beyram", "medida":"P", "codigo":"46181501"},
 {"id":77, "lote":9, "partida_especifica":246, "partida":156, "descripcion":"MANDIL DE CARNAZA PARA SOLDAR COLOR AMARILLO, CORTE VACUNO, CINTAS PARA AJUSTE DE CINTURA Y CINTA EN CUELLO. SEG\u00daN MUESTRA AC51.", "cantidad":1, "unidad":"Pieza", "marca":"S/M", "precio_unitario":276.04, "subtotal":276.04, "proveedor":"beyram", "medida":"P", "codigo":"46181501"},
 {"id":78, "lote":9, "partida_especifica":246, "partida":157, "descripcion":"MANDIL DE HULE COLOR NEGRO, FLEXIBLE, PARA PROTECCI\u00d3N DE PRENDAS DE VESTIR CONTRA SUSTANCIAS NO CORROSIVAS, CINTA PARA EL CUELLO Y CINTAS PARA AJUSTE EN LA CINTURA. SEG\u00daN MUESTRA AC55.", "cantidad":1, "unidad":"Pieza", "marca":"S/M", "precio_unitario":179.1, "subtotal":179.1, "proveedor":"beyram", "medida":"P", "codigo":"46181501"},
 {"id":79, "lote":9, "partida_especifica":246, "partida":158, "descripcion":"JUEGO DE PROTECCI\u00d3N UNISEX PARA MOTOCICLISTA 100% POLI\u00c9STER, COMPUESTO DE: CHAMARRA Y PANTAL\u00d3N. CHAMARRA:  CON VENTILACI\u00d3N EN HOMBROS Y ESPALDA PARTE ALTA, CIERRE DE CARRO MET\u00c1LICO AL FRENTE PARA AJUSTE Y VELCRO EN CUELLO PARA AJUSTE, AJUSTE DE PU\u00d1OS EN VELCRO Y CIERRE, PROTECCI\u00d3N EN HOMBROS, ANTE BRAZOS Y ESPALDA, DOS BOLSILLOS AL FRENTE A LA ALTURA DEL ABDOMEN CON CIERRE, DOS BOLSAS INTERNAS, TIPO PARCHE Y CON CIERRE, AJUSTE DE CINTURA CON VELCRO Y CIERRE. PANTAL\u00d3N:  PROTECCIONES EN MUSLO Y RODILLAS, DOS BOLSAS AL FRENTE CON CIERRE, AJUSTE DE CIERRE, VELCRO Y BROCHE AL FRENTE, CINTURA CON RESORTE Y AJUSTE DE VELCRO, AJUSTE DE TOBILLO CON VELCRO, VENTILACI\u00d3N EN AMBAS PIERNAS. SEG\u00daN MUESTRA AC76.", "cantidad":1, "unidad":"Juego", "marca":"Rm Tech", "precio_unitario":7649.96, "subtotal":7649.96, "proveedor":"beyram", "medida":"J", "codigo":"49221503"},
 {"id":80, "lote":2, "partida_especifica":244, "partida":21, "descripcion":"CAMISA DE VESTIR MANGA LARGA PARA CABALLERO COLOR AZUL MARINO, LISA, COMPOSICI\u00d3N 100% POLI\u00c9STER, CUELLO FUSIONADO, PU\u00d1OS FUSIONADOS CON DOBLE BOT\u00d3N DE AJUSTE, SIETE BOTONES DE AJUSTE EN COLOR AZUL REY, FALD\u00d3N CURVO, BOLSILLO A LA ALTURA DEL PECHO LADO IZQUIERDO. SEG\u00daN MUESTRA CV10.", "cantidad":1, "unidad":"Pieza", "marca":"MICHEL BLANC", "precio_unitario":693.16, "subtotal":693.16, "proveedor":"SPAHER", "medida":"P", "codigo":"53101602"},
 {"id":81, "lote":2, "partida_especifica":244, "partida":22, "descripcion":"CAMISA DE VESTIR MANGA LARGA PARA CABALLERO COLOR ARENA, DISE\u00d1O TIPO JASPEADO, COMPOSICI\u00d3N 60% POLI\u00c9STER 40% ALGOD\u00d3N, CUELLO FUSIONADO, PU\u00d1OS FUSIONADOS CON DOBLE BOT\u00d3N DE AJUSTE, SIETE BOTONES DE AJUSTE EN COLOR BLANCO CON CAF\u00c9, FALD\u00d3N CURVO, UN BOT\u00d3N DE REPUESTO, BOLSILLO A LA ALTURA DEL PECHO LADO IZQUIERDO. SEG\u00daN MUESTRA CV13.", "cantidad":1, "unidad":"Pieza", "marca":"MICHEL BLANC", "precio_unitario":693.15, "subtotal":693.15, "proveedor":"SPAHER", "medida":"P", "codigo":"53101602"},
 {"id":82, "lote":2, "partida_especifica":244, "partida":23, "descripcion":"CAMISA DE VESTIR MANGA LARGA PARA CABALLERO COLOR AZUL MARINO, DISE\u00d1O A CUADROS EN COLORES MOSTAZA Y BLANCO, COMPOSICI\u00d3N 60% POLI\u00c9STER 40% ALGOD\u00d3N, CUELLO FUSIONADO, PU\u00d1OS FUSIONADOS CON DOBLE BOT\u00d3N DE AJUSTE, SIETE BOTONES DE AJUSTE EN COLOR MOSTAZA, FALD\u00d3N CURVO, DOS BOTONES DE REPUESTO, BOLSILLO A LA ALTURA DEL PECHO LADO IZQUIERDO. SEG\u00daN MUESTRA CV21.", "cantidad":1, "unidad":"Pieza", "marca":"MICHEL BLANC", "precio_unitario":693.16, "subtotal":693.16, "proveedor":"SPAHER", "medida":"P", "codigo":"53101602"},
 {"id":83, "lote":2, "partida_especifica":244, "partida":24, "descripcion":"CAMISA DE VESTIR MANGA LARGA PARA CABALLERO COLOR BLANCO, ESTAMPADO DE L\u00cdNEAS EN COLOR AZUL FRANCIA, AZUL REY Y AZUL MARINO, COMPOSICI\u00d3N 100% ALGOD\u00d3N, CUELLO FUSIONADO, PU\u00d1OS FUSIONADOS CON DOBLE BOT\u00d3N DE AJUSTE, SIETE BOTONES DE AJUSTE EN COLOR AZUL FRANCIA, FALD\u00d3N CURVO, DOS BOTONES DE REPUESTO, BOLSILLO A LA ALTURA DEL PECHO LADO IZQUIERDO. SEG\u00daN MUESTRA CV36.", "cantidad":1, "unidad":"Pieza", "marca":"MICHEL BLANC", "precio_unitario":693.16, "subtotal":693.16, "proveedor":"SPAHER", "medida":"P", "codigo":"53101602"},
 {"id":84, "lote":2, "partida_especifica":244, "partida":25, "descripcion":"CAMISA DE VESTIR MANGA LARGA PARA CABALLERO COLOR BLANCO, ESTAMPADO DE L\u00cdNEAS, EN VERTICAL COLOR CELESTE, EN HORIZONTAL EN COLOR VERDE LIM\u00d3N, COMPOSICI\u00d3N 60% POLI\u00c9STER 40% ALGOD\u00d3N, CUELLO FUSIONADO CON DOS BOTONES DE AJUSTE, PU\u00d1OS FUSIONADOS CON DOBLE BOT\u00d3N DE AJUSTE, SIETE BOTONES DE AJUSTE EN COLOR CELESTE, FALD\u00d3N CURVO, DOS BOTONES DE REPUESTO, BOLSILLO A LA ALTURA DEL PECHO LADO IZQUIERDO. SEG\u00daN MUESTRA CV43.", "cantidad":1, "unidad":"Pieza", "marca":"MICHEL BLANC", "precio_unitario":693.16, "subtotal":693.16, "proveedor":"SPAHER", "medida":"P", "codigo":"53101602"},
 {"id":85, "lote":2, "partida_especifica":244, "partida":26, "descripcion":"CAMISOLA DE GABARDINA MANGA LARGA PARA CABALLERO COLOR CAQUI, COMPOSICI\u00d3N 40% POLI\u00c9STER 60% ALGOD\u00d3N, CON DOS PORTAS CHARRETERAS CON BOT\u00d3N PL\u00c1STICO, DOS BOLSILLOS CON BOT\u00d3N PL\u00c1STICO A LA ALTURA DEL PECHO, PU\u00d1OS FUSIONADOS CON BOT\u00d3N DE AJUSTE PL\u00c1STICO Y PINZA EN MANGA. SEG\u00daN MUESTRA CG01.", "cantidad":1, "unidad":"Pieza", "marca":"GACELA", "precio_unitario":365.86, "subtotal":365.86, "proveedor":"SPAHER", "medida":"P", "codigo":"53101602"},
 {"id":86, "lote":2, "partida_especifica":244, "partida":27, "descripcion":"CAMISA DE MEZCLILLA MANGA LARGA PARA CABALLERO COLOR AZUL CLARO, CONFECCIONADA 100% ALGOD\u00d3N, BOLSILLO CON BOT\u00d3N PL\u00c1STICO A LA ALTURA DEL PECHO LADO IZQUIERDO, PU\u00d1OS FUSIONADOS CON BOT\u00d3N DE AJUSTE PL\u00c1STICO, ALETILLA Y SIETE BOTONES PL\u00c1STICOS AL FRENTE. SEG\u00daN MUESTRA CM01.", "cantidad":1, "unidad":"Pieza", "marca":"FERRUCHE", "precio_unitario":449.88, "subtotal":449.88, "proveedor":"SPAHER", "medida":"P", "codigo":"53101602"},
 {"id":87, "lote":3, "partida_especifica":244, "partida":28, "descripcion":"BLUSA DE VESTIR PARA DAMA, SIN MANGA, COLOR LIM\u00d3N, CONFECCIONADA EN TELA 100% POLI\u00c9STER, CUELLO REDONDO, DOS BOTONES DE AJUSTE EN LA ESPALDA A LA ALTURA DEL CUELLO EN COLOR PLATA, CINTA Y RESORTE EN LA PARTE INFERIOR PARA AJUSTE. SEG\u00daN MUESTRA BV01.", "cantidad":1, "unidad":"Pieza", "marca":"VANITY", "precio_unitario":715.37, "subtotal":715.37, "proveedor":"SPAHER", "medida":"P", "codigo":"53101604"},
 {"id":88, "lote":3, "partida_especifica":244, "partida":29, "descripcion":"BLUSA DE VESTIR PARA DAMA SIN MANGA, COLOR FUCSIA, CONFECCIONADA EN TELA 100% POLI\u00c9STER, CUELLO TIPO SPORT CON CINTA DECORATIVA, ESCOTE EN \u201cV\u201d, FALD\u00d3N SEMI CURVO, CORTE CON SILUETA. SEG\u00daN MUESTRA BV10.", "cantidad":1, "unidad":"Pieza", "marca":"VANITY", "precio_unitario":676.75, "subtotal":676.75, "proveedor":"SPAHER", "medida":"P", "codigo":"53101604"},
 {"id":89, "lote":3, "partida_especifica":244, "partida":30, "descripcion":"BLUSA DE VESTIR PARA DAMA MANGA LARGA, COLOR AZUL MULTI DEGRADADO, CONFECCIONADA EN TELA 100% POLI\u00c9STER, CUELLO TIPO SPORT, ESCOTE EN \u201cV\u201d, CUATRO BOTONES AL FRENTE COLOR PLATA, PINZA EN LA PARTE TRASERA, PU\u00d1OS FUSIONADOS CON UN BOT\u00d3N DE AJUSTE COLOR PLATA PLIEGUES EN MANGA. SEG\u00daN MUESTRA BV30.", "cantidad":1, "unidad":"Pieza", "marca":"VANITY", "precio_unitario":697.99, "subtotal":697.99, "proveedor":"SPAHER", "medida":"P", "codigo":"53101604"},
 {"id":90, "lote":3, "partida_especifica":244, "partida":31, "descripcion":"BLUSA DE VESTIR PARA DAMA MANGA CORTA, COLOR BLANCO, L\u00cdNEAS EN COLOR ROJO Y GLITTER, CONFECCIONADA EN TELA 50% ALGOD\u00d3N 50% POLI\u00c9STER CUELLO TIPO \"V\" DOS PINZAS A LA ALTURA DEL PECHO, DOS PINZAS EN LA PARTE TRASERA. SEG\u00daN MUESTRA BV42.", "cantidad":1, "unidad":"Pieza", "marca":"NEW FROM", "precio_unitario":696.06, "subtotal":696.06, "proveedor":"SPAHER", "medida":"P", "codigo":"53101604"},
 {"id":91, "lote":3, "partida_especifica":244, "partida":32, "descripcion":"BLUSA DE VESTIR PARA DAMA, COLOR VERDE, COMPOSICI\u00d3N 100% POLI\u00c9STER, MANGA CORTA CON OL\u00c1NES, ESCOTE EN \u201cV\u201d CON CINTA DE AJUSTE, PLIEGUES AL FRENTE A LA ALTURA DEL PECHO, BOTONES DECORATIVOS EN ESCOTE, FALD\u00d3N SEMI CURVO. SEG\u00daN MUESTRA BV57.", "cantidad":1, "unidad":"Pieza", "marca":"ZUCCA", "precio_unitario":694.06, "subtotal":694.06, "proveedor":"SPAHER", "medida":"P", "codigo":"53101604"},
 {"id":92, "lote":3, "partida_especifica":244, "partida":33, "descripcion":"BLUSA DE VESTIR PARA DAMA COLOR BLANCO, MANGA LARGA CONFECCIONADA EN TELA 70% POLI\u00c9STER 30% ALGOD\u00d3N, CUELLO TIPO SPORT CON ESCOTE EN \"V\" BIES COLOR BLANCO CON DETALLES PUNTEADO MULTICOLOR, CINCO BOTONES AL FRENTE PARA AJUSTE Y BOT\u00d3N DE REPUESTO, BOLSA EN PECHO LADO IZQUIERDO, DOS PINZAS AL FRENTE Y DOS PINZAS EN PARTE TRASERA. MANGA FUSIONADA CON 3 BOTONES DE AJUSTE, DETALLE EN MANGA PUNTEADO MULTICOLOR, PLIEGUES EN MANGA, APERTURA AL COSTADO. SEG\u00daN MUESTRA BV69.", "cantidad":1, "unidad":"Pieza", "marca":"LANGIANI", "precio_unitario":706.05, "subtotal":706.05, "proveedor":"SPAHER", "medida":"P", "codigo":"53101604"},
 {"id":93, "lote":3, "partida_especifica":244, "partida":34, "descripcion":"BLUSA DE VESTIR PARA DAMA, MANGA CORTA TIPO TULIP\u00c1N, COLOR MIL RAYAS AZUL CIELO, CONFECCIONADA EN TELA 100% POLI\u00c9STER, CUELLO FUSIONADO, SEIS BOTONES DE AJUSTE AL FRENTE, Y BOT\u00d3N DE REPUESTO, DOS PINZAS AL FRENTE Y DOS EN ESPALDA, CORTE CON SILUETA, FALD\u00d3N CURVO. SEG\u00daN MUESTRA BV79.", "cantidad":1, "unidad":"Pieza", "marca":"LORETTA", "precio_unitario":697.99, "subtotal":697.99, "proveedor":"SPAHER", "medida":"P", "codigo":"53101604"},
 {"id":94, "lote":3, "partida_especifica":244, "partida":35, "descripcion":"BLUSA DE MEZCLILLA MANGA LARGA PARA DAMA EN COLOR AZUL CLARO, CONFECCIONADA 100% ALGOD\u00d3N, BOLSILLO A LA ALTURA DEL PECHO LADO IZQUIERDO, FALD\u00d3N CURVO, SIETE BOTONES EN LA PARTE DELANTERA, CUELLO SPORT, ALETILLA, PINZAS DELANTERAS Y TRASERAS. SEG\u00daN MUESTRA BM01.", "cantidad":1, "unidad":"Pieza", "marca":"MASSIMO SALVATORE", "precio_unitario":331.14, "subtotal":331.14, "proveedor":"SPAHER", "medida":"P", "codigo":"53101604"},
 {"id":95, "lote":4, "partida_especifica":244, "partida":36, "descripcion":"CHAMARRA DE CABALLERO COLOR AZUL MARINO, CONFECCIONADO EN TELA 100% POLI\u00c9STER, FORRO POLI\u00c9STER, DOS BOLSILLOS DELANTEROS A LA ALTURA DEL ABDOMEN, CIERRE DE CARRO MET\u00c1LICO AL FRENTE, CUELLO TIPO SPORT FUSIONADO CON BOT\u00d3N DE AJUSTE PL\u00c1STICO, PU\u00d1OS FUSIONADOS CON BOT\u00d3N DE AJUSTE PL\u00c1STICO, PRETINA CON RESORTE, BOLSILLO INTERNO OCULTO LADO IZQUIERDO A LA ALTURA DEL PECHO. SEG\u00daN MUESTRA CHC03.", "cantidad":1, "unidad":"Pieza", "marca":"ROCK HAMPTON", "precio_unitario":919.07, "subtotal":919.07, "proveedor":"SPAHER", "medida":"P", "codigo":"53101802"},
 {"id":96, "lote":4, "partida_especifica":244, "partida":37, "descripcion":"CHAMARRA DE CABALLERO COLOR AZUL MARINO CON DETALLE EN L\u00cdNEAS PUNTEADAS, CONFECCIONADA EN TELA 100% POLI\u00c9STER, REPELENTE AL AGUA, FORRO POLI\u00c9STER, DOS BOLSILLOS DELANTEROS A LA ALTURA DEL ABDOMEN, CIERRE DE CARRO MET\u00c1LICO AL FRENTE, TEJIDO EN PU\u00d1OS Y PRETINA COLOR GRIS, ROJO Y MARINO, BOLSA OCULTA LADO IZQUIERDO A LA ALTURA DEL ABDOMEN, CUELLO ALTO. SEG\u00daN MUESTRA CHC08.", "cantidad":1, "unidad":"Pieza", "marca":"ROCK HAMPTON", "precio_unitario":958.65, "subtotal":958.65, "proveedor":"SPAHER", "medida":"P", "codigo":"53101802"},
 {"id":97, "lote":4, "partida_especifica":244, "partida":38, "descripcion":"CHAMARRA DE CABALLERO COLOR AZUL MARINO CON DETALLE EN L\u00cdNEAS PUNTEADAS, CONFECCIONADA EN TELA 100% POLI\u00c9STER, FORRO POLI\u00c9STER, DOS BOLSILLOS DELANTEROS A LA ALTURA DEL ABDOMEN, CIERRE DE CARRO MET\u00c1LICO AL FRENTE, TEJIDO EN PU\u00d1OS Y PRETINA COLOR AZUL MARINO, BOLSA OCULTA LADO IZQUIERDO A LA ALTURA DEL ABDOMEN, CUELLO ALTO. SEG\u00daN MUESTRA CHC16.", "cantidad":1, "unidad":"Pieza", "marca":"PRESLOW", "precio_unitario":959.83, "subtotal":959.83, "proveedor":"SPAHER", "medida":"P", "codigo":"53101802"},
 {"id":98, "lote":4, "partida_especifica":244, "partida":39, "descripcion":"CHAMARRA DE CABALLERO COLOR AZUL ACERO, CONFECCIONADO EN TELA 100% POLI\u00c9STER, REPELENTE AL AGUA, FORRO POLI\u00c9STER, DOS BOLSILLOS DELANTEROS A LA ALTURA DEL ABDOMEN, CIERRE DE CARRO MET\u00c1LICO AL FRENTE, TEJIDO EN CUELLO PU\u00d1OS Y PRETINA, BOLSA OCULTA LADO IZQUIERDO A LA ALTURA DEL PECHO. SEG\u00daN MUESTRA CHC21.", "cantidad":1, "unidad":"Pieza", "marca":"ROCK HAMPTON", "precio_unitario":915.31, "subtotal":915.31, "proveedor":"SPAHER", "medida":"P", "codigo":"53101802"},
 {"id":99, "lote":4, "partida_especifica":244, "partida":40, "descripcion":"CHAMARRA PARA DAMA COLOR OLIVO, CONFECCIONADA EN TELA 100% POLI\u00c9STER, REPELENTE AL AGUA, FORRO POLI\u00c9STER, DOS BOLSILLOS AL FRENTE TIPO FLAP CON DOS BROCHES MET\u00c1LICOS CADA UNO, CIERRE DE CARRO MET\u00c1LICO AL FRENTE, CUELLO ALTO, GORRO CON AJUSTE EL\u00c1STICO CON TOPE PL\u00c1STICO EN CUELLO. SEG\u00daN MUESTRA CHD04.", "cantidad":1, "unidad":"Pieza", "marca":"ROCK HAMPTON", "precio_unitario":944.38, "subtotal":944.38, "proveedor":"SPAHER", "medida":"P", "codigo":"53101804"},
 {"id":100, "lote":4, "partida_especifica":244, "partida":41, "descripcion":"CHAMARRA DE DAMA COLOR AZUL ACERO, CONFECCIONADA EN TELA 100% POLI\u00c9STER, REPELENTE AL AGUA, FORRO POLI\u00c9STER, CAPITONEADO EN HORIZONTAL, DOS BOLSILLOS DELANTEROS CON DOS BROCHES MET\u00c1LICOS CADA BOLSA, CIERRE DE CARRO MET\u00c1LICO AL FRENTE, AJUSTE EL\u00c1STICO CON TOPE EN GORRO, CIERRES Y BROCHE MET\u00c1LICO PARA DESMONTAR. SEG\u00daN MUESTRA CHD06.", "cantidad":1, "unidad":"Pieza", "marca":"PRESLOW", "precio_unitario":944.38, "subtotal":944.38, "proveedor":"SPAHER", "medida":"P", "codigo":"53101804"},
 {"id":101, "lote":4, "partida_especifica":244, "partida":42, "descripcion":"CHAMARRA PARA DAMA COLOR BEIGE, CONFECCIONADA EN TELA POLIAMIDA REPELENTE AL AGUA, FORRO POLIAMIDA, RELLENO POLI\u00c9STER, CAPITONEADO HORIZONTAL, DOS BOLSILLOS AL FRENTE, CIERRE DE CARRO MET\u00c1LICO AL FRENTE, CUELLO ALTO, CORTE CON SILUETA, BOLSA OCULTA A LA ALTURA DEL ABDOMEN DE LADO DERECHO, BOLSA PARA FACILITAR SU GUARDADO. SEG\u00daN MUESTRA CHD11.", "cantidad":1, "unidad":"Pieza", "marca":"ALYSH", "precio_unitario":966.89, "subtotal":966.89, "proveedor":"SPAHER", "medida":"P", "codigo":"53101804"},
 {"id":102, "lote":4, "partida_especifica":244, "partida":43, "descripcion":"CHAMARRA PARA DAMA COLOR AZUL CIELO, CONFECCIONADA EN TELA 100% POLIAMIDA, REPELENTE AL AGUA, FORRO POLIAMIDA, RELLENO POLI\u00c9STER, CAPITONEADO HORIZONTAL, DOS BOLSILLOS AL FRENTE CON DOS BROCHES DE PRESI\u00d3N EN CADA BOLSA COLOR CIELO, CIERRE DE CARRO MET\u00c1LICO AL FRENTE, CUELLO ALTO. SEG\u00daN MUESTRA CHD15.", "cantidad":1, "unidad":"Pieza", "marca":"ALYSH", "precio_unitario":918.1, "subtotal":918.1, "proveedor":"SPAHER", "medida":"P", "codigo":"53101804"},
 {"id":103, "lote":4, "partida_especifica":244, "partida":44, "descripcion":"CHALECO PARA CABALLERO COLOR CAF\u00c9 CLARO, CONFECCIONADO EN TELA 100% POLI\u00c9STER, FORRO POLI\u00c9STER, CAPITONEADO HORIZONTAL, CUELLO ALTO, DOS BOLSILLOS AL FRENTE A LA ALTURA DEL ABDOMEN, CIERRE DE CARRO MET\u00c1LICO AL FRENTE. SEG\u00daN MUESTRA CHALC04", "cantidad":1, "unidad":"Pieza", "marca":"PRESLOW", "precio_unitario":795.5, "subtotal":795.5, "proveedor":"SPAHER", "medida":"P", "codigo":"53103100"},
 {"id":104, "lote":4, "partida_especifica":244, "partida":45, "descripcion":"CHALECO PARA CABALLERO COLOR OLIVO, FORRO POLI\u00c9STER, CONFECCIONADO EN TELA 100% POLI\u00c9STER, CAPITONEADO EN ROMBOS, CUELLO ALTO, DOS BOLSILLOS AL FRENTE A LA ALTURA DEL ABDOMEN, CIERRE DE CARRO MET\u00c1LICO AL FRENTE, BOLSA OCULTA DE LADO IZQUIERDO A LA ALTURA DEL ABDOMEN. SEG\u00daN MUESTRA CHALC09.", "cantidad":1, "unidad":"Pieza", "marca":"PRESLOW", "precio_unitario":795.5, "subtotal":795.5, "proveedor":"SPAHER", "medida":"P", "codigo":"53103100"},
 {"id":105, "lote":4, "partida_especifica":244, "partida":46, "descripcion":"CHALECO PARA CABALLERO COLOR AZUL ACERO, FORRO POLI\u00c9STER AFELPADO, CONFECCIONADO EN TELA 100% POLI\u00c9STER, BOLSAS AL FRENTE A LA ALTURA DEL ABDOMEN, CUELLO ALTO, CIERRE DE CARRO MET\u00c1LICO AL FRENTE, REPELENTE AL AGUA. SEG\u00daN MUESTRA CHALC13.", "cantidad":1, "unidad":"Pieza", "marca":"PRESLOW", "precio_unitario":836.05, "subtotal":836.05, "proveedor":"SPAHER", "medida":"P", "codigo":"53103100"},
 {"id":106, "lote":4, "partida_especifica":244, "partida":47, "descripcion":"CHALECO PARA DAMA COLOR OLIVO, CONFECCIONADO EN TELA 100% POLI\u00c9STER, FORRO POLI\u00c9STER, CORTE CON SILUETA, CAPITONEADO HORIZONTAL, BOLSAS AL FRENTE A LA ALTURA DEL ABDOMEN, CIERRE DE CARRO MET\u00c1LICO AL FRENTE, CUELLO TIPO MAO, CON RESORTE EN LA PARTE DE ATR\u00c1S, REPELENTE AL AGUA. SEG\u00daN MUESTRA CHALD06.", "cantidad":1, "unidad":"Pieza", "marca":"PRESLOW", "precio_unitario":818.66, "subtotal":818.66, "proveedor":"SPAHER", "medida":"P", "codigo":"53103100"},
 {"id":107, "lote":4, "partida_especifica":244, "partida":48, "descripcion":"CHALECO PARA DAMA COLOR ARENA, CONFECCIONADO EN TELA 100% POLI\u00c9STER, FORRO POLI\u00c9STER AFELPADO, CAPITONEADO HORIZONTAL, BOLSAS AL FRENTE A LA ALTURA DEL ABDOMEN, CIERRE DE CARRO MET\u00c1LICO AL FRENTE, CUELLO ALTO. SEG\u00daN MUESTRA CHALD12.", "cantidad":1, "unidad":"Pieza", "marca":"PRESLOW", "precio_unitario":821.01, "subtotal":821.01, "proveedor":"SPAHER", "medida":"P", "codigo":"53103100"},
 {"id":108, "lote":4, "partida_especifica":244, "partida":49, "descripcion":"CHALECO PARA DAMA COLOR VERDE, CONFECCIONADO EN TELA 100% POLI\u00c9STER, FORRO POLI\u00c9STER, CAPITONEADO EN ROMBOS, DOS BOLSILLOS AL FRENTE CON CIERRE Y BIES PL\u00c1STICO A LA ALTURA DEL ABDOMEN, CIERRE DE CARRO MET\u00c1LICO CON BIES PL\u00c1STICO EN COLOR NEGRO AL FRENTE, AJUSTE EL\u00c1STICO EN CINTURA CON TOPE MET\u00c1LICO, CUELLO TIPO SPORT. SEG\u00daN MUESTRA CHALD20.", "cantidad":1, "unidad":"Pieza", "marca":"SHYLA", "precio_unitario":799.83, "subtotal":799.83, "proveedor":"SPAHER", "medida":"P", "codigo":"53103100"},
 {"id":109, "lote":4, "partida_especifica":244, "partida":50, "descripcion":"CHALECO TIPO REPORTERO UNISEX COLOR CAQUI, CONFECCIONADO EN TELA GABARDINA 100% ALGOD\u00d3N, CIERRE AL FRENTE, CATORCE BOLSILLOS AL FRENTE, CUATRO CON CIERRE, DIEZ CON BROCHE DE PRESI\u00d3N, UNO EN ESPALDA CON CIERRE Y TRES AL INTERIOR, DOS CON CIERRE Y UNO CON BROCHE DE PRESI\u00d3N. SEG\u00daN MUESTRA CHALR01.", "cantidad":1, "unidad":"Pieza", "marca":"S/M", "precio_unitario":528.08, "subtotal":528.08, "proveedor":"SPAHER", "medida":"P", "codigo":"53103100"},
 {"id":110, "lote":4, "partida_especifica":244, "partida":51, "descripcion":"SU\u00c9TER PARA DAMA TIPO SACO EN COLOR AZUL MARINO, CONFECCIONADO EN TELA 100% ACR\u00cdLICO, CORTE CON SILUETA, DOS BOLSAS AL FRENTE, TRES BOTONES PL\u00c1STICOS AL FRENTE, CUELLO EN \"V\" MEDIA SOLAPA, DOS BOTONES PL\u00c1STICOS EN LA ESPALDA, APERTURA EN FALD\u00d3N TRASERO. SEG\u00daN MUESTRA SW02.", "cantidad":1, "unidad":"Pieza", "marca":"S/M", "precio_unitario":481.45, "subtotal":481.45, "proveedor":"SPAHER", "medida":"P", "codigo":"53101704"},
 {"id":111, "lote":4, "partida_especifica":244, "partida":52, "descripcion":"BLAZER PARA DAMA COLOR AZUL MARINO, CONFECCIONADO EN TELA 100% POLI\u00c9STER, FORRO 100% POLI\u00c9STER, DOS BOLSAS SIMULADAS AL FRENTE TIPO OJAL, UN BOT\u00d3N DE AJUSTE, PINZAS AL FRENTE Y ESPALDA, TRES BOTONES DE ADORNO EN CADA PU\u00d1O. SEG\u00daN MUESTRA BL01.", "cantidad":1, "unidad":"Pieza", "marca":"VANITY", "precio_unitario":812.87, "subtotal":812.87, "proveedor":"SPAHER", "medida":"P", "codigo":"53101800"},
 {"id":112, "lote":5, "partida_especifica":244, "partida":53, "descripcion":"ZAPATO DE VESTIR PARA CABALLERO COLOR NEGRO, CORTE VACUNO ACABADO PIEL LISA, FORRO TEXTIL, SUELA SINT\u00c9TICA COLOR NEGRO, PLANTILLA DE RES, OCHO OJILLOS PERFORADOS, AJUSTE DE AGUJETAS COLOR NEGRO, DETALLES PERFORADOS EN CHALECO Y PUNTA, PESPUNTES VISIBLES, PUNTA OVALADA. SEG\u00daN MUESTRA ZC06.", "cantidad":1, "unidad":"Par", "marca":"Flexi", "precio_unitario":946.76, "subtotal":946.76, "proveedor":"UNIFORMA", "medida":"A", "codigo":"53111600"},
 {"id":113, "lote":5, "partida_especifica":244, "partida":54, "descripcion":"ZAPATO PARA CABALLERO COLOR TAN, CORTE VACUNO ACABADO PIEL TEXTURIZADA, FORRO TEXTIL, SUELA SINT\u00c9TICA COLOR CAF\u00c9, PLANTILLA DE RES, OCHO OJILLOS PERFORADOS, AJUSTE DE AGUJETA COLOR CAF\u00c9, DETALLE DE PERFORACIONES EN LATERALES Y EMPEINE, PESPUNTES VISIBLES, PUNTA REDONDA. SEG\u00daN MUESTRA ZC14.", "cantidad":1, "unidad":"Par", "marca":"Flexi", "precio_unitario":951.26, "subtotal":951.26, "proveedor":"UNIFORMA", "medida":"A", "codigo":"53111600"},
 {"id":114, "lote":5, "partida_especifica":244, "partida":55, "descripcion":"ZAPATO CASUAL PARA CABALLERO COLOR CAF\u00c9 CORTE VACUNO ACABADO PIEL TEXTURIZADA, FORRO TEXTIL, SUELA SINT\u00c9TICA COLOR BLANCO, DETALLE DE ORIFICIOS A LOS COSTADOS, SEIS OJILLOS PERFORADOS, AJUSTE EL\u00c1STICO, AJUSTE DE AGUJETA COLOR CAF\u00c9, CINTA PARA FACILITAR CALZADO, PESPUNTES VISIBLES, PUNTA REDONDA. SEG\u00daN MUESTRA ZC22.", "cantidad":1, "unidad":"par", "marca":"Crosscountry", "precio_unitario":955.76, "subtotal":955.76, "proveedor":"UNIFORMA", "medida":"A", "codigo":"53111600"},
 {"id":115, "lote":5, "partida_especifica":244, "partida":56, "descripcion":"ZAPATO DE VESTIR PARA CABALLERO COLOR NEGRO CORTE BORREGO ACABADO PIEL LISA, FORRO BORREGO, SUELA SINT\u00c9TICA COLOR NEGRO, RESORTE EN LATERALES PARA AJUSTE, OCHO OJILLOS PERFORADOS, AJUSTE DE AGUJETA COLOR NEGRO, PESPUNTES VISIBLES, PUNTA OVALADA. SEG\u00daN MUESTRA ZC29.", "cantidad":1, "unidad":"Par", "marca":"Triples", "precio_unitario":948.74, "subtotal":948.74, "proveedor":"UNIFORMA", "medida":"A", "codigo":"53111600"},
 {"id":116, "lote":5, "partida_especifica":244, "partida":57, "descripcion":"ZAPATO TIPO SNEAKER PARA CABALLERO COLOR NAPA NEGRO, CORTE SINT\u00c9TICO, ACABADO LISO, FORRO TEXTIL, SUELA SINT\u00c9TICA COLOR BLANCO, PLANTILLA SINT\u00c9TICA, PESPUNTES VISIBLES, REFUERZO TEXTIL EN PUNTAS Y LATERALES, DIEZ OJILLOS PERFORADOS, DOS OJILLOS MET\u00c1LICOS, AJUSTE DE AGUJETA COLOR NEGRO, PUNTERA REDONDA. SEG\u00daN MUESTRA ZC32.", "cantidad":1, "unidad":"Par", "marca":"Jeep", "precio_unitario":948.29, "subtotal":948.29, "proveedor":"UNIFORMA", "medida":"A", "codigo":"53111600"},
 {"id":117, "lote":5, "partida_especifica":244, "partida":58, "descripcion":"ZAPATO DE VESTIR PARA CABALLERO COLOR CAF\u00c9, CORTE SINT\u00c9TICO, ACABADO LISO, FORRO TEXTIL, SUELA SINT\u00c9TICA COLOR CAF\u00c9, SEIS OJILLOS PERFORADOS, DOS OJILLOS MET\u00c1LICOS, AJUSTE DE AGUJETA COLOR CAF\u00c9, AJUSTE DE RESORTE PARA MEJORAR, PUNTERA REDONDA, CON CINTA PARA FACILITAR EL CALZADO. SEG\u00daN MUESTRA ZC37.", "cantidad":1, "unidad":"Par", "marca":"Perry Ellis", "precio_unitario":928.72, "subtotal":928.72, "proveedor":"UNIFORMA", "medida":"A", "codigo":"53111600"},
 {"id":118, "lote":5, "partida_especifica":244, "partida":59, "descripcion":"ZAPATO TIPO SNEAKER PARA CABALLERO COLOR MARINO, CORTE SINT\u00c9TICO, ACABADO TEXTURIZADO, FORRO TEXTIL, SUELA SINT\u00c9TICA COLOR BLANCO, DOCE OJILLOS PERFORADOS, AJUSTE DE AGUJETAS COLOR MARINO, REFUERZO EN PUNTA Y TAL\u00d3N, PESPUNTES VISIBLES, PUNTERA REDONDA. SEG\u00daN MUESTRA ZC51.", "cantidad":1, "unidad":"Par", "marca":"Levis", "precio_unitario":944.03, "subtotal":944.03, "proveedor":"UNIFORMA", "medida":"A", "codigo":"53111600"},
 {"id":119, "lote":5, "partida_especifica":244, "partida":60, "descripcion":"ZAPATO DE VESTIR PARA DAMA TIPO MOCAS\u00cdN COLOR NEGRO, CORTE BOVINO ACABADO PIEL CHAROL, FORRO TEXTIL ACOJINADO, SUELA SINT\u00c9TICA COLOR NEGRO, HEBILLA MET\u00c1LICA EN EMPEINE, PESPUNTES VISIBLES, PUNTERA REDONDA. SEG\u00daN MUESTRA ZD03.", "cantidad":1, "unidad":"Par", "marca":"Vicenza", "precio_unitario":825.98, "subtotal":825.98, "proveedor":"UNIFORMA", "medida":"A", "codigo":"53111600"},
 {"id":120, "lote":5, "partida_especifica":244, "partida":61, "descripcion":"ZAPATO TIPO SNEAKER PARA DAMA TIPO COLOR GRIS MET\u00c1LICO, CORTE VACUNO ACABADO PIEL CABRA, FORRO DE CERDO ACOJINADO, SUELA SINT\u00c9TICA COLOR BLANCO, REFUERZO EN TOBILLO, DIEZ OJILLOS PERFORADOS, AJUSTE DE AGUJETA COLOR GRIS, GRABADO TIPO NUCA COCODRILO, PESPUNTES VISIBLES. SEG\u00daN MUESTRA ZD13.", "cantidad":1, "unidad":"Par", "marca":"Barcassi", "precio_unitario":823.5, "subtotal":823.5, "proveedor":"UNIFORMA", "medida":"A", "codigo":"53111600"},
 {"id":121, "lote":5, "partida_especifica":244, "partida":62, "descripcion":"SANDALIA PARA DAMA COLOR CAF\u00c9/BLANCO, CORTE VACUNO ACABADO PIEL TERNERA, FORRO DE CERDO, SUELA SINT\u00c9TICA COLOR BLANCO CON PLATAFORMA, CINCO OJILLOS PERFORADOS Y HEBILLA MET\u00c1LICA, TRES CINTAS GRUESAS PESPUNTES VISIBLES. SEG\u00daN MUESTRA ZD16.", "cantidad":1, "unidad":"Par", "marca":"Barcassi", "precio_unitario":823.5, "subtotal":823.5, "proveedor":"UNIFORMA", "medida":"A", "codigo":"53111800"},
 {"id":122, "lote":5, "partida_especifica":244, "partida":63, "descripcion":"SANDALIA PARA DAMA COLOR MEZCLILLA, CORTE VACUNO ACABADO TEXTURIZADO, FORRO DE CERDO, SUELA SINT\u00c9TICA COLOR CAF\u00c9 CON TAC\u00d3N, CHINELA GRUESA, CINTA DE AJUSTE CON CINCO PERFORACIONES Y HEBILLA MET\u00c1LICA, PESPUNTES VISIBLES. SEG\u00daN MUESTRA ZD25.", "cantidad":1, "unidad":"Par", "marca":"Barcassi", "precio_unitario":823.5, "subtotal":823.5, "proveedor":"UNIFORMA", "medida":"A", "codigo":"53111800"},
 {"id":123, "lote":5, "partida_especifica":244, "partida":64, "descripcion":"ZAPATO DE VESTIR PARA DAMA COLOR DORADO, CORTE VACUNO ACABADO EN PIEL LISA Y FRENTE CON PERFORACIONES, FORRO SINT\u00c9TICO ACOJINADO, SUELA SINT\u00c9TICA COLOR HUESO, CON PLATAFORMA, AJUSTE DE RESORTE EN LATERALES, PLANTILLA DE CERDO, REFUERZO EN TOBILLO, PESPUNTES VISIBLES. SEG\u00daN MUESTRA ZD35.", "cantidad":1, "unidad":"Par", "marca":"Flexi", "precio_unitario":860.97, "subtotal":860.97, "proveedor":"UNIFORMA", "medida":"A", "codigo":"53111600"},
 {"id":124, "lote":5, "partida_especifica":244, "partida":65, "descripcion":"ZAPATO DE VESTIR PARA DAMA COLOR ARENA, CORTE VACUNO, ACABADO PIEL, FORRO CERDO, SUELA SINT\u00c9TICA COLOR ARENA CON PLATAFORMA, PLANTILLA DE CERDO, CON CINTAS GRUESAS, CUATRO PERFORACIONES CON HEBILLA MET\u00c1LICA, PESPUNTES VISIBLES. SEG\u00daN MUESTRA ZD23.", "cantidad":1, "unidad":"Par", "marca":"Flexi", "precio_unitario":866.71, "subtotal":866.71, "proveedor":"UNIFORMA", "medida":"A", "codigo":"53111600"},
 {"id":125, "lote":5, "partida_especifica":244, "partida":66, "descripcion":"TENIS PARA CABALLERO COLOR BEIGE/CAMEL, CORTE SINT\u00c9TICO, FORRO SINT\u00c9TICO, SUELA SINT\u00c9TICA COLOR BLANCO, DOCE OJILLOS PERFORADOS, AJUSTE DE AGUJETA COLOR BLANCO, INTERIOR ACOJINADO, REFUERZO EN EL TAL\u00d3N Y PUNTERA, PESPUNTES VISIBLES, GRABADO DE LOGO EN LA PARTE EXTERIOR. SEG\u00daN MUESTRA TC09.", "cantidad":1, "unidad":"Par", "marca":"Perry Ellis", "precio_unitario":894.47, "subtotal":894.47, "proveedor":"UNIFORMA", "medida":"A", "codigo":"53111900"},
 {"id":126, "lote":5, "partida_especifica":244, "partida":67, "descripcion":"TENIS PARA DAMA COLOR ARENA, DETALLES EN COLOR CAF\u00c9, CORTE SINT\u00c9TICO, FORRO TEXTIL, SUELA SINT\u00c9TICA COLOR BLANCO/CAF\u00c9, INTERIOR ACOJINADO, REFUERZO EN TOBILLO Y PUNTERA, ACABADO GAMUZA, OCHO OJILLOS PERFORADOS, 2 OJILLOS MET\u00c1LICOS, AJUSTE DE AGUJETA COLOR BEIGE, PESPUNTES VISIBLES, GRABADO DE LOGO EN LA PARTE EXTERIOR. SEG\u00daN MUESTRA TD06.", "cantidad":1, "unidad":"Par", "marca":"Levis", "precio_unitario":850.99, "subtotal":850.99, "proveedor":"UNIFORMA", "medida":"A", "codigo":"53111900"},
 {"id":127, "lote":5, "partida_especifica":244, "partida":68, "descripcion":"CHANCLA UNISEX, TIPO PATA DE GALLO, EN COLOR NEGRO, MATERIAL DE SUELA SINT\u00c9TICA, MATERIAL DE PLANTILLA SINT\u00c9TICA. SEG\u00daN MUESTRA AC15.", "cantidad":1, "unidad":"Par", "marca":"Simple Fashion", "precio_unitario":174.74, "subtotal":174.74, "proveedor":"UNIFORMA", "medida":"A", "codigo":"53111800"},
 {"id":128, "lote":6, "partida_especifica":244, "partida":69, "descripcion":"BOTA PARA CABALLERO COLOR NEGRO, CORTE VACUNO ACABADO PIEL TEXTURIZADO, FORRO TEXTIL ACOJINADO, SUELA SINT\u00c9TICA COLOR GRIS, DOCE OJILLOS MET\u00c1LICOS, AJUSTE DE AGUJETA COLOR NEGRO, BULL\u00d3N ACABADO NOBUK, PESPUNTES VISIBLES, GRABADO DE LOGO EN PARTE EXTERIOR, TAL\u00d3N CON DETALLE TEXTURIZADO. SEG\u00daN MUESTRA BC02.", "cantidad":1, "unidad":"Par", "marca":"Jeep", "precio_unitario":1195.18, "subtotal":1195.18, "proveedor":"UNIFORMA", "medida":"A", "codigo":"53111500"},
 {"id":129, "lote":6, "partida_especifica":244, "partida":70, "descripcion":"BOTA PARA CABALLERO COLOR CAF\u00c9, CORTE VACUNO ACABADO PIEL LISA, FORRO TEXTIL, SUELA SINT\u00c9TICA COLOR NEGRA/CAF\u00c9, BULL\u00d3N ACABADO NOBUK, CATORCE OJILLOS MET\u00c1LICOS, AJUSTE DE AGUJETA COLOR CAF\u00c9, REFUERZO EN TOBILLO PESPUNTES VISIBLES, GRABADO DE LOGO EN LA PARTE EXTERIOR. SEG\u00daN MUESTRA BC05.", "cantidad":1, "unidad":"Par", "marca":"Jeep", "precio_unitario":1133.39, "subtotal":1133.39, "proveedor":"UNIFORMA", "medida":"A", "codigo":"53111500"},
 {"id":130, "lote":6, "partida_especifica":244, "partida":71, "descripcion":"BOTA PARA CABALLERO COLOR CAF\u00c9, CORTE VACUNO, ACABADO PIEL TEXTURIZADA, FORRO TEXTIL ACOJINADO, SUELA SINT\u00c9TICA COLOR NEGRO, CON BULL\u00d3N TEXTIL COLOR CAF\u00c9, 12 OJILLOS MET\u00c1LICOS COLOR NATURAL, AJUSTE DE AGUJETA COLOR CAF\u00c9, PESPUNTES VISIBLES, GRABADO DE LOGO EN LA PARTE EXTERIOR, RESPIRADORES EN LATERALES. SEG\u00daN MUESTRA BC13.", "cantidad":1, "unidad":"Par", "marca":"Jeep", "precio_unitario":1100.68, "subtotal":1100.68, "proveedor":"UNIFORMA", "medida":"A", "codigo":"53111500"},
 {"id":131, "lote":6, "partida_especifica":244, "partida":72, "descripcion":"BOTA PARA CABALLERO COLOR CAF\u00c9, CORTE SINT\u00c9TICO FORRO TEXTIL, SUELA SINT\u00c9TICA COLOR OLIVO, SEIS CINTAS TEXTILES PARA AJUSTE, CUATRO GANCHOS MET\u00c1LICOS, AJUSTE DE AGUJETAS COLOR NEGRO Y BLANCO, BULL\u00d3N SUPERIOR SINT\u00c9TICO, ACABADO TEXTURIZADO CON CINTA PARA FACILITAR CALZADO, PESPUNTES VISIBLES, FORRO INTERIOR ACOJINADO, GRABADO DE LOGO EN LA PARTE EXTERIOR. SEG\u00daN MUESTRA BC18.", "cantidad":1, "unidad":"Par", "marca":"Discovery", "precio_unitario":1214.49, "subtotal":1214.49, "proveedor":"UNIFORMA", "medida":"A", "codigo":"53111500"},
 {"id":132, "lote":6, "partida_especifica":244, "partida":73, "descripcion":"BOTA PARA CABALLERO COLOR CO\u00d1AC, CORTE SINT\u00c9TICO ACABADO LISO, FORRO SINT\u00c9TICO, SUELA SINT\u00c9TICA COLOR BLANCO, BULL\u00d3N SUPERIOR SINT\u00c9TICO ACABADO TEXTURIZADO, DOCE OJILLOS PERFORADOS, AJUSTE DE AGUJETA CAF\u00c9, PESPUNTES VISIBLES, ETIQUETA DE LOGO EN LA PARTE EXTERIOR. SEG\u00daN MUESTRA BC27.", "cantidad":1, "unidad":"Par", "marca":"Perry Ellis", "precio_unitario":1106.71, "subtotal":1106.71, "proveedor":"UNIFORMA", "medida":"A", "codigo":"53111500"},
 {"id":133, "lote":6, "partida_especifica":244, "partida":74, "descripcion":"BOTA PARA CABALLERO COLOR MIEL, CORTE VACUNO, ACABADO PIEL TEXTURIZADA, FORRO TEXTIL ACOJINADO, SUELA SINT\u00c9TICA COLOR NEGRO, BULL\u00d3N ACABADO TEXTURIZADO, CINTA PARA FACILITAR EL CALZADO, CATORCE OJILLOS MET\u00c1LICOS, AJUSTE DE AGUJETA EN COLOR ARENA, GRABADO DE LOGO EN LA PARTE EXTERIOR, PESPUNTES VISIBLES. SEG\u00daN MUESTRA BC34.", "cantidad":1, "unidad":"Par", "marca":"Crosscountry", "precio_unitario":1214.49, "subtotal":1214.49, "proveedor":"UNIFORMA", "medida":"A", "codigo":"53111500"},
 {"id":134, "lote":6, "partida_especifica":244, "partida":75, "descripcion":"BOTA PARA CABALLERO COLOR VERDE OLIVO, CORTE VACUNO ACABADO NOBUK, FORRO TEXTIL ACOJINADO, SUELA SINT\u00c9TICA COLOR ARENA, SEIS HERRAJES, DOS GANCHOS MET\u00c1LICOS Y DOS CINTAS TEXTILES PARA AJUSTE, AJUSTE DE AGUJETAS COLOR ARENA, BULL\u00d3N SUPERIOR SINT\u00c9TICO ACABADO TEXTURIZADO CON CINTA PARA FACILITAR CALZADO, PESPUNTES VISIBLES, GRABADO DE LOGO EN LENG\u00dcETA. SEG\u00daN MUESTRA BC35.", "cantidad":1, "unidad":"Par", "marca":"Crosscountry", "precio_unitario":1214.49, "subtotal":1214.49, "proveedor":"UNIFORMA", "medida":"A", "codigo":"53111500"},
 {"id":135, "lote":6, "partida_especifica":244, "partida":76, "descripcion":"BOTA PARA CABALLERO COLOR CAF\u00c9, ACABADO TIPO NOBUK, CORTE VACUNO, FORRO TEXTIL, SUELA SINT\u00c9TICA COLOR BLANCA, SIN BULL\u00d3N, DOS OJILLOS MET\u00c1LICOS COLOR NATURAL, SEIS OJILLOS PERFORADOS, AJUSTE DE AGUJETA COLOR CAF\u00c9, CINTA PARA FACILITAR EL CALZADO, FORRO INTERIOR ACOJINADO, PESPUNTES VISIBLES, GRABADO DE LOGO EN PARTE EXTERIOR. SEG\u00daN MUESTRA BC43.", "cantidad":1, "unidad":"Par", "marca":"Dockers", "precio_unitario":1195.18, "subtotal":1195.18, "proveedor":"UNIFORMA", "medida":"A", "codigo":"53111500"},
 {"id":136, "lote":6, "partida_especifica":244, "partida":77, "descripcion":"BOTA PARA CABALLERO COLOR NEGRO, ACABADO PIEL LISA, CORTE VACUNO, FORRO TEXTIL, SUELA SINT\u00c9TICA COLOR NEGRO, CON BULL\u00d3N ACOJINADO, OCHO OJILLOS, CUATRO GANCHOS PL\u00c1STICOS, AJUSTE DE AGUJETA COLOR NEGRO, FORRO INTERIOR ACOJINADO, PESPUNTES VISIBLES, GRABADO DE LOGO EN PARTE EXTERIOR, CASQUILLO POL\u00cdMERO, DIEL\u00c9CTRICAS, LIGERA RESISTENTE A IMPACTOS, NOM 113-STPS-2009 II+III. SEG\u00daN MUESTRA BC46.", "cantidad":1, "unidad":"Par", "marca":"Triples", "precio_unitario":1214.49, "subtotal":1214.49, "proveedor":"UNIFORMA", "medida":"A", "codigo":"53111500"},
 {"id":137, "lote":6, "partida_especifica":244, "partida":78, "descripcion":"BOTA PARA DAMA COLOR NEGRO, CORTE VACUNO ACABADO PIEL NOBUK, FORRO TEXTIL ACOJINADO, SUELA SINT\u00c9TICA COLOR NEGRO, BULL\u00d3N TEXTIL, DIEZ OJILLOS MET\u00c1LICOS PERFORADOS, AGUJETA COLOR NEGRO, PESPUNTES VISIBLES, CINTA PARA FACILITAR EL CALZADO, GRABADO DE LOGO EN LA PARTE EXTERIOR. SEG\u00daN MUESTRA BD05.", "cantidad":1, "unidad":"Par", "marca":"Jeep", "precio_unitario":1063.88, "subtotal":1063.88, "proveedor":"UNIFORMA", "medida":"A", "codigo":"53111500"},
 {"id":138, "lote":6, "partida_especifica":244, "partida":79, "descripcion":"BOTA PARA DAMA COLOR GRIS OXFORD, CORTE SINT\u00c9TICO ACABADO NOBUK, FORRO TEXTIL ACOJINADO, SUELA SINT\u00c9TICA COLOR NEGRO Y GRIS, BULL\u00d3N TEXTIL, DIEZ OJILLOS MET\u00c1LICOS, CUATRO GANCHOS MET\u00c1LICOS, AGUJETA COLOR GRIS, GRABADO DE LOGO EN LA PARTE EXTERIOR. SEG\u00daN MUESTRA BD07.", "cantidad":1, "unidad":"Par", "marca":"Jeep", "precio_unitario":865.98, "subtotal":865.98, "proveedor":"UNIFORMA", "medida":"A", "codigo":"53111500"},
 {"id":139, "lote":6, "partida_especifica":244, "partida":80, "descripcion":"BOTA PARA DAMA COLOR BRONCE, CORTE VACUNO ACABADO PIEL CRAZY, FORRO TEXTIL ACOJINADO, SUELA SINT\u00c9TICA COLOR CAF\u00c9 OSCURO, BULL\u00d3N GAMUZA, DIEZ OJILLOS MET\u00c1LICOS, AGUJETA COLOR CAF\u00c9, GRABADO DE LOGO EN PARTE EXTERIOR. SEG\u00daN MUESTRA BD09.", "cantidad":1, "unidad":"Par", "marca":"Jeep", "precio_unitario":945.14, "subtotal":945.14, "proveedor":"UNIFORMA", "medida":"A", "codigo":"53111500"},
 {"id":140, "lote":6, "partida_especifica":244, "partida":81, "descripcion":"BOTA PARA DAMA COLOR NEGRO CORTE VACUNO, ACABADO PIEL LISA, SIN FORRO, SIN BULL\u00d3N SUELA SINT\u00c9TICA CON TAC\u00d3N COLOR NEGRO, AJUSTE DE RESORTE EN LATERALES, PESPUNTES VISIBLES, CINTA PARA FACILITAR CALZADO, GRABADO DE LOGO EN LA PARTE EXTERIOR.  SEG\u00daN MUESTRA BD17.", "cantidad":1, "unidad":"Par", "marca":"Jeep", "precio_unitario":1019.69, "subtotal":1019.69, "proveedor":"UNIFORMA", "medida":"A", "codigo":"53111500"},
 {"id":141, "lote":6, "partida_especifica":244, "partida":82, "descripcion":"BOTA PARA DAMA COLOR CANELA, CORTE VACUNO, FORRO TEXTIL, ACABADO GAMUZA, SUELA SINT\u00c9TICA COLOR BEIGE, CON AJUSTE DE RESORTE EN LATERALES, CINTA PARA FACILITAR EL CALZADO GRABADO DE LOGO EN LA PARTE EXTERIOR. SEG\u00daN MUESTRA BD28.", "cantidad":1, "unidad":"Par", "marca":"Flow", "precio_unitario":918.48, "subtotal":918.48, "proveedor":"UNIFORMA", "medida":"A", "codigo":"53111500"},
 {"id":142, "lote":6, "partida_especifica":244, "partida":83, "descripcion":"BOTA PARA DAMA COLOR CAF\u00c9, CORTE VACUNO, ACABADO PIEL NOBUK, FORRO TEXTIL, SUELA SINT\u00c9TICA COLOR BEIGE, OCHO OJILLOS MET\u00c1LICOS Y DOS HERRAJES MET\u00c1LICOS, CIERRE EN LATERAL INTERNO, AGUJETA COLOR CAF\u00c9, BULL\u00d3N ACABADO PIEL NOBUK, INTERIOR ACOJINADO, GRABADO DE LOGO EN LA PARTE EXTERIOR, PESPUNTES VISIBLES. SEG\u00daN MUESTRA BD35.", "cantidad":1, "unidad":"Par", "marca":"Crosscountry", "precio_unitario":902.5, "subtotal":902.5, "proveedor":"UNIFORMA", "medida":"A", "codigo":"53111500"},
 {"id":143, "lote":6, "partida_especifica":244, "partida":84, "descripcion":"BOTA PARA DAMA COLOR CAF\u00c9, CORTE VACUNO, ACABADO PIEL TEXTURIZADA, FORRO TEXTIL ACOJINADO, SUELA SINT\u00c9TICA COLOR CHOCOLATE, PLANTILLA DE CERDO, AJUSTE DE CIERRES EN LATERALES, BULL\u00d3N ACABADO NOBUK, CON CINTA PARA FACILITAR EL CALZADO, PESPUNTES VISIBLES. SEG\u00daN MUESTRA BD39.", "cantidad":1, "unidad":"Par", "marca":"Flexi", "precio_unitario":1011.08, "subtotal":1011.08, "proveedor":"UNIFORMA", "medida":"A", "codigo":"53111500"},
 {"id":144, "lote":7, "partida_especifica":244, "partida":85, "descripcion":"FALDA DE VESTIR PARA DAMA COLOR GRIS OXFORD, COMPOSICI\u00d3N 65% POLI\u00c9STER 35% ACR\u00cdLICO, CORTE RECTO, DOS PINZAS AL FRENTE Y ATR\u00c1S, APERTURA TRASERA, CIERRE MET\u00c1LICO CON BOT\u00d3N PL\u00c1STICO COLOR NEGRO, EN LA PARTE DE ATR\u00c1S, BOLSAS EN DIAGONALES LATERALES. SEG\u00daN MUESTRA FV02.", "cantidad":1, "unidad":"Pieza", "marca":"JOURNAL", "precio_unitario":462.42, "subtotal":462.42, "proveedor":"SPAHER", "medida":"P", "codigo":"53101600"},
 {"id":145, "lote":7, "partida_especifica":244, "partida":86, "descripcion":"CONJUNTO DE 3 PIEZAS PARA DAMA: SACO CONFECCIONADO EN TELA 94% POLI\u00c9STER Y 6% ELASTANO, FORRO 100% POLI\u00c9STER, CUELLO TIPO MAO CON BIES AZUL MARINO, COLOR BLANCO CON DETALLES MULTICOLOR, DOS BOLSAS SIMULADAS AL FRENTE A LA ALTURA DEL ABDOMEN, PINZAS AL FRENTE A LA ALTURA DEL PECHO, TRES COSTURAS EN LA PARTE DE ATR\u00c1S. FALDA: CONFECCIONADA EN TELA 93% P0LIESTER 7% ELASTANO, COLOR GAZUL REY, CORTE RECTO, CIERRE MET\u00c1LICO Y BOT\u00d3N PL\u00c1STICO DE AJUSTE. BLUSA: CONFECCIONADA EN TELA 100% POLI\u00c9STER, COLOR BLANCO, CUELLO REDONDO, MANGA CORTA, ENCAJE DECORATIVO AL FRENTE, CINTAS DE AJUSTE EN CINTURA. SEG\u00daN MUESTRA CP03.", "cantidad":1, "unidad":"Conjunto", "marca":"VANITY", "precio_unitario":2275.47, "subtotal":2275.47, "proveedor":"SPAHER", "medida":"D", "codigo":"53101904"},
 {"id":146, "lote":7, "partida_especifica":244, "partida":87, "descripcion":"CONJUNTO DE 3 PIEZAS PARA DAMA: SACO CONFECCIONADO EN TELA POLI\u00c9STER, FORRO POLI\u00c9STER, CUELLO TIPO MAO CON BIES AZUL MARINO, COLOR BLANCO CON DETALLES MULTICOLOR, DOS BOLSAS SIMULADAS AL FRENTE A LA ATURA DEL ABDOMEN, PINZAS AL FRENTE A LA ALTURA DEL PECHO, TRES COSTURAS EN LA PARTE DE ATR\u00c1S. PANTAL\u00d3N: CONFECCIONADO EN TELA 93% P0LIESTER 7% ELASTANO, COLOR AZUL REY, CORTE RECTO, DOS PINZAS EN LA PARTE DE ATR\u00c1S A LA ALTURA DE LA CADERA. BLUSA: CONFECCIONADA EN TELA 100% POLI\u00c9STER, COLOR BLANCO, CUELLO REDONDO, MANGA CORTA, ENCAJE DECORATIVO AL FRENTE, CINTAS DE AJUSTE EN CINTURA. SEG\u00daN MUESTRA CP03.", "cantidad":1, "unidad":"Conjunto", "marca":"VANITY", "precio_unitario":2275.47, "subtotal":2275.47, "proveedor":"SPAHER", "medida":"D", "codigo":"53101904"},
 {"id":147, "lote":7, "partida_especifica":244, "partida":88, "descripcion":"JUEGO DEPORTIVO PARA CABALLERO COMPOSICI\u00d3N EN TELA 100% POLI\u00c9STER; COMPUESTO DE CHAMARRA EN COLOR GRIS, CON DOS BOLSAS AL FRENTE A LA ALTURA DEL ABDOMEN TIPO OJAL, CIERRE AL FRENTE, GORRO; PANTS COLOR GRIS, DOS BOLSAS LATERALES, RESORTE EN LA CINTURA, CORTE RECTO. SEG\u00daN MUESTRA JPC01.", "cantidad":1, "unidad":"Juego", "marca":"ATHLETHECH", "precio_unitario":1004.99, "subtotal":1004.99, "proveedor":"SPAHER", "medida":"J", "codigo":"49221500"},
 {"id":148, "lote":7, "partida_especifica":244, "partida":89, "descripcion":"JUEGO DEPORTIVO PARA CABALLERO COMPOSICI\u00d3N EN TELA 100% POLI\u00c9STER; COMPUESTO DE CHAMARRA EN COLOR NEGRO, CON DOS BOLSAS AL FRENTE A LA ALTURA DEL ABDOMEN TIPO OJAL, CUELLO ALTO CON VELCRO PARA OCULTAR GORRO, CIERRE AL FRENTE, GORRO; PANTS COLOR GRIS, DOS BOLSAS LATERALES, RESORTE EN LA CINTURA, CORTE RECTO. SEG\u00daN MUESTRA JPC05.", "cantidad":1, "unidad":"Juego", "marca":"JOURNAL", "precio_unitario":1004.99, "subtotal":1004.99, "proveedor":"SPAHER", "medida":"J", "codigo":"49221500"},
 {"id":149, "lote":7, "partida_especifica":244, "partida":90, "descripcion":"JUEGO DEPORTIVO PARA DAMA EN COLOR NEGRO, CONFECCIONADO EN TELA 100% POLI\u00c9STER; CHAMARRA CON DOS BOLSILLOS AL FRENTE TIPO CANGURO, CIERRE AL FRENTE, GORRO, PANTS COLOR NEGRO, AJUSTE EL\u00c1STICO EN CINTURA, DOS BOLSAS LATERALES. SEG\u00daN MUESTRA JPD03.", "cantidad":1, "unidad":"Juego", "marca":"XKENAX", "precio_unitario":1050.37, "subtotal":1050.37, "proveedor":"SPAHER", "medida":"J", "codigo":"49221500"},
 {"id":150, "lote":7, "partida_especifica":244, "partida":91, "descripcion":"JUEGO DEPORTIVO PARA DAMA EN COLOR NEGRO, CONFECCIONADO EN TELA 100% POLI\u00c9STER; SUDADERA CON GORRO, BOLSILLO AL FRENTE TIPO CANGURO, PANTS COLOR NEGRO, AJUSTE EL\u00c1STICO EN CINTURA, DOS BOLSAS LATERALES. SEG\u00daN MUESTRA JPD05.", "cantidad":1, "unidad":"Juego", "marca":"JOURNAL", "precio_unitario":1050.37, "subtotal":1050.37, "proveedor":"SPAHER", "medida":"J", "codigo":"49221500"},
 {"id":151, "lote":7, "partida_especifica":244, "partida":92, "descripcion":"SHORT DEPORTIVO COLOR NEGRO, CONFECCIONADO EN TELA 100% POLI\u00c9STER, EL\u00c1STICO EN CINTURA Y AJUSTE DE CINTA, DOS BOLSAS LATERALES. SEG\u00daN MUESTRA SH01.", "cantidad":1, "unidad":"Pieza", "marca":"PUMA", "precio_unitario":454.24, "subtotal":454.24, "proveedor":"SPAHER", "medida":"P", "codigo":"53101502"},
 {"id":152, "lote":7, "partida_especifica":244, "partida":93, "descripcion":"FILIPINA PARA CABALLERO MANGA CORTA COLOR AZUL CLARO JASPEADO, COMPOSICI\u00d3N 65% POLI\u00c9STER 35% ACR\u00cdLICO, CUELLO TIPO MAO, CINCO BOTONES AL FRENTE COLOR AZUL, DOS BOLSAS AL FRENTE A LA ALTURA DEL ABDOMEN, UNA BOLSA A LA ALTURA DEL PECHO LADO IZQUIERDO. SEG\u00daN MUESTRA FL01.", "cantidad":1, "unidad":"Pieza", "marca":"NURSE Y DOC", "precio_unitario":327.07, "subtotal":327.07, "proveedor":"SPAHER", "medida":"P", "codigo":"46181533"},
 {"id":153, "lote":7, "partida_especifica":244, "partida":94, "descripcion":"FILIPINA PARA DAMA, MANGA 3/4 COLOR BLANCO, COMPOSICI\u00d3N 65% POLI\u00c9STER 35% ACR\u00cdLICO, CUELLO TIPO SPORT, ESCOTE EN V, CINCO BOTONES AL FRENTE COLOR BLANCO, DOS BOLSAS AL FRENTE A LA ALTURA DEL ABDOMEN, CINTA DECORATIVA EN ESPALDA, CORTE CON SILUETA, BIES COLOR ROSA EN MANGAS Y BOLSAS.  SEG\u00daN MUESTRA FL07.", "cantidad":1, "unidad":"Pieza", "marca":"NURSE Y DOC", "precio_unitario":326.31, "subtotal":326.31, "proveedor":"SPAHER", "medida":"P", "codigo":"46181533"},
 {"id":154, "lote":7, "partida_especifica":244, "partida":95, "descripcion":"PLAYERA TIPO POLO PARA CABALLERO COLOR VERDE PETR\u00d3LEO, COMPOSICI\u00d3N EN 50% ALGOD\u00d3N 50% POLI\u00c9STER, MANGA CORTA, 3 BOTONES AL FRENTE, CUELLO Y PU\u00d1OS TEJIDOS CON DETALLES EN COLOR GRIS Y MARINO, DISE\u00d1O BORDADO EN PARTE FRONTAL INFERIOR IZQUIERDA COLOR BLANCO. SEG\u00daN MUESTRA PLC02.", "cantidad":1, "unidad":"Pieza", "marca":"SILVER STONE", "precio_unitario":294.45, "subtotal":294.45, "proveedor":"SPAHER", "medida":"P", "codigo":"52121702"},
 {"id":155, "lote":7, "partida_especifica":244, "partida":96, "descripcion":"PLAYERA TIPO POLO PARA DAMA COLOR CORAL, COMPOSICI\u00d3N EN 50% ALGOD\u00d3N 50% POLI\u00c9STER, MANGA CORTA, 3 BOTONES AL FRENTE, TEJIDO EN CUELLOS Y PU\u00d1O EN COLOR CORAL, DISE\u00d1O BORDADO EN PECHO IZQUIERDO COLOR AZUL MARINO. SEG\u00daN MUESTRA PLD08.", "cantidad":1, "unidad":"Pieza", "marca":"SILVER STONE", "precio_unitario":281.9, "subtotal":281.9, "proveedor":"SPAHER", "medida":"P", "codigo":"52121702"},
 {"id":156, "lote":7, "partida_especifica":244, "partida":97, "descripcion":"GORRA TIPO BEISBOLERA EN COLOR MARINO DETALLES DE MALLA EN LATERALES BIES EN LATERALES AJUSTE DE HERRAJE MET\u00c1LICO EN LA PARTE TRASERA, VISERA MARINA. SEG\u00daN MUESTRA AC80.", "cantidad":1, "unidad":"Pieza", "marca":"CAPPELO", "precio_unitario":89.78, "subtotal":89.78, "proveedor":"SPAHER", "medida":"P", "codigo":"53102516"},
 {"id":157, "lote":7, "partida_especifica":244, "partida":98, "descripcion":"GORRA TIPO BEISBOLERA EN COLOR AZUL JASPEADO, CONFECCIONADA EN 100% ALGOD\u00d3N, SEIS GAJOS CON OJILLOS BORDADOS, VISERA R\u00cdGIDA COLOR CAF\u00c9, AJUSTE MET\u00c1LICO EN PARTE TRASERA. SEG\u00daN MUESTRA AC88.", "cantidad":1, "unidad":"Pieza", "marca":"S/M", "precio_unitario":90.74, "subtotal":90.74, "proveedor":"SPAHER", "medida":"P", "codigo":"53102516"},
 {"id":158, "lote":7, "partida_especifica":244, "partida":99, "descripcion":"TRAJE DE BA\u00d1O DE NATACI\u00d3N PARA DAMA, COLOR NEGRO ELABORADO CON TELA RESISTENTE AL CLORO, COMPOSICI\u00d3N 50% POLI\u00c9STER RECICLADO, 50% POLI\u00c9STER. SEG\u00daN MUESTRA AC62.", "cantidad":1, "unidad":"Pieza", "marca":"ARENA", "precio_unitario":853.42, "subtotal":853.42, "proveedor":"SPAHER", "medida":"P", "codigo":"49141600"}]